{
  "cols": 2,
  "data_max": [
    5.786633904395541,
    5.75717462219285
  ],
  "data_min": [
    -4.735546578771838,
    -6.898171537931065
  ],
  "max": 1.0,
  "min": 0.0
}
