{
  "cols": 19,
  "mean": [
    39.74901288952212,
    -17.08154520006534,
    4.490829226085606,
    -7.808541531272261,
    -1.0559213655822997,
    -3.151342354583129,
    2.2882813282255614,
    3.887845820520322,
    5.573079703987583,
    3.760973599610975,
    2.4961124930064753,
    0.047075316852667866,
    -0.6570868825070718,
    -4.138834223213427,
    -3.6150996219805167,
    -0.7520651357198395,
    3.316932676399238,
    3.8317070110983122,
    1.8628847875177506
  ],
  "std": [
    30.93960496516434,
    21.14656263677943,
    8.701706099438162,
    10.363497936857202,
    7.850895896771568,
    7.702608406548206,
    5.0774793692711615,
    6.502700183769579,
    7.373986170928707,
    6.527068132540902,
    6.526277878092713,
    5.073573523857577,
    5.677387304193599,
    5.030410296452447,
    5.830489775308915,
    5.409294318432292,
    5.085530896538944,
    4.860438569075203,
    4.698337505776299
  ]
}
