{
  "cols": 19,
  "mean": [
    48.68196909891888,
    -13.635949900767818,
    6.604976695081292,
    -3.1463982852149375,
    1.6455164521973915,
    -0.9999370637138487,
    0.48158894301333405,
    -0.7684660842314182,
    -0.31671533941022306,
    -0.631948059838521,
    0.8182661377108569,
    -0.4866266802140072,
    0.02791060258373744,
    -0.7190085427368391,
    0.011870117302550824,
    -0.15468303358582386,
    0.25134135086453535,
    -0.01766411458037976,
    0.704815719303635
  ],
  "std": [
    32.61449401993339,
    19.472632125390515,
    10.851904869147909,
    9.067706462327042,
    7.277817005602041,
    6.781867763120309,
    6.433805364885843,
    5.894344796713173,
    4.478664051942968,
    4.498306741970898,
    5.160745574683838,
    4.246019489582859,
    4.778023734479888,
    4.211191562601613,
    4.585613817181768,
    3.0209880952401087,
    3.910032451988066,
    3.4252324586107177,
    3.5404990317315055
  ]
}
