{
  "cols": 4,
  "data": {
    "0": [
      0.0,
      0.99999499320984,
      0.0,
      0.99999606609344
    ],
    "1": [
      0.99999725818634,
      1.0,
      1.0,
      1.0
    ],
    "2": [
      1.0,
      0.0,
      1.0,
      0.0
    ]
  }
}
