{
  "cols": 4,
  "data": {
    "0": [
      0.51336288452148,
      0.53824996948242,
      0.53467738628387,
      0.56403309106827
    ],
    "1": [
      0.48387095332146,
      1.0,
      0.41935157775879,
      1.0
    ],
    "2": [
      0.63709360361099,
      0.0,
      0.54838705062866,
      0.0
    ],
    "3": [
      0.032258063554764,
      0.48951610922813,
      0.99995058774948,
      0.53790318965912
    ],
    "4": [
      0.98182284832001,
      0.57258063554764,
      0.018970580771565,
      0.48292070627213
    ]
  }
}
