{
  "cols": 4,
  "data": {
    "0": [
      0.0,
      0.071428571428571,
      0.0026666666666667,
      0.0
    ],
    "1": [
      0.0,
      1.0,
      0.013333333333333,
      1.0
    ],
    "2": [
      0.99733333333333,
      1.0,
      0.99466666666667,
      1.0
    ],
    "3": [
      1.0,
      0.0,
      0.99466666666667,
      0.0
    ]
  }
}
