{
  "cols": 4,
  "data": {
    "0": [
      0.50806134939194,
      0.0,
      0.60392361879349,
      0.0
    ],
    "1": [
      0.47338709235191,
      1.0,
      0.48290321230888,
      1.0
    ],
    "2": [
      0.0,
      0.48189809918404,
      0.0,
      0.45161288976669
    ],
    "3": [
      1.0,
      0.5,
      1.0,
      0.5241935253143301
    ]
  }
}
