{
  "cols": 4,
  "data": {
    "0": [
      0.50806450843811,
      0.0,
      0.53501778841019,
      0.0
    ],
    "1": [
      0.39516127109528,
      1.0,
      0.55645161867142,
      0.98251551389694
    ],
    "2": [
      0.0,
      0.38709676265717,
      0.0080645158886909,
      0.40679836273193
    ],
    "3": [
      0.99999743700027,
      0.44284144043922,
      1.0,
      0.55598282814026
    ]
  }
}
