{
  "cols": 4,
  "data": {
    "0": [
      0.042741935700178,
      1.0,
      1.0,
      0.98387092351913
    ],
    "1": [
      0.0024193548597395,
      0.0,
      0.99999701976776,
      0.0
    ],
    "2": [
      0.99157637357712,
      0.0,
      0.0,
      0.0
    ],
    "3": [
      1.0,
      0.96773272752762,
      0.0035564512945712,
      0.96707773208618
    ]
  }
}
