{
  "cols": 4,
  "data": {
    "0": [
      0.51612901687622,
      0.0,
      0.59354835748672,
      0.0
    ],
    "1": [
      0.51612901687622,
      1.0,
      0.46768721938133,
      1.0
    ],
    "2": [
      0.024193547666073,
      0.51612901687622,
      1.0,
      0.5217719078064
    ],
    "3": [
      0.024193547666073,
      0.51612901687622,
      0.0,
      0.53548383712769
    ],
    "4": [
      1.0,
      0.48387095332146,
      1.0,
      0.53330862522125
    ]
  }
}
