{
  "cols": 32,
  "data": {
    "0": [
      0.31744182109833,
      0.3888755440712,
      0.30097743868828,
      0.72950565814972,
      0.85074633359909,
      0.00088056921958923,
      0.22421106696129,
      0.99990463256836,
      0.47530534863472,
      0.00013530254364014,
      0.36888155341148,
      0.012890009209514,
      0.0016608538571745,
      0.33166360855103,
      0.19148935377598,
      0.00029781460762024,
      0.63492804765701,
      0.31901013851166,
      0.28625649213791,
      0.30576172471046,
      0.50550627708435,
      0.5896537899971,
      0.5200634598732,
      0.60992270708084,
      0.2629626095295,
      0.64542138576508,
      0.27501851320267,
      0.83501547574997,
      0.52347904443741,
      0.8816864490509,
      0.32946574687958,
      0.26342850923538
    ],
    "1": [
      0.4865787923336,
      0.3888755440712,
      0.30097743868828,
      0.72950565814972,
      0.85074633359909,
      0.00088056921958923,
      0.22421106696129,
      0.99990463256836,
      0.68337333202362,
      0.00013530254364014,
      0.36888155341148,
      0.63829785585403,
      0.0016608538571745,
      0.33166360855103,
      0.19148935377598,
      0.00029781460762024,
      0.80145168304443,
      0.57990682125092,
      0.98715966939926,
      0.30576172471046,
      0.84332066774368,
      0.5896537899971,
      0.5200634598732,
      0.60992270708084,
      0.2629626095295,
      0.64542138576508,
      0.27501851320267,
      0.83501547574997,
      0.52347904443741,
      0.8816864490509,
      0.32946574687958,
      0.26342850923538
    ],
    "2": [
      0.4865787923336,
      0.3888755440712,
      0.30097743868828,
      0.72950565814972,
      0.85074633359909,
      0.00088056921958923,
      0.22421106696129,
      0.99990463256836,
      0.68337333202362,
      0.00013530254364014,
      0.36888155341148,
      0.63829785585403,
      0.0016608538571745,
      0.33166360855103,
      0.19148935377598,
      0.00029781460762024,
      0.80145168304443,
      0.57990682125092,
      0.98715966939926,
      1.0,
      0.84332066774368,
      0.5896537899971,
      0.5200634598732,
      0.7379105091095,
      0.2629626095295,
      0.64542138576508,
      0.27501851320267,
      0.83501547574997,
      0.52347904443741,
      0.8816864490509,
      0.32946574687958,
      0.26342850923538
    ],
    "3": [
      0.4865787923336,
      0.3888755440712,
      0.30097743868828,
      0.24115958809853,
      0.85074633359909,
      0.00088056921958923,
      0.22421106696129,
      0.45804852247238,
      0.68337333202362,
      0.00013530254364014,
      0.36888155341148,
      0.75177299976349,
      0.64539003372192,
      0.33166360855103,
      0.19148935377598,
      0.00029781460762024,
      0.37594845890999,
      0.78715300559998,
      0.37106940150261,
      0.56054866313934,
      0.96238130331039,
      0.53244996070862,
      0.9999144077301,
      0.45587331056595,
      0.2629626095295,
      0.64542138576508,
      0.27501851320267,
      0.83501547574997,
      0.52347904443741,
      0.8816864490509,
      0.32946574687958,
      0.26342850923538
    ]
  }
}
