{
  "cols": 32,
  "data": {
    "0": [
      0.12964096665382,
      0.007023811340332,
      0.18680965900421,
      0.2198581546545,
      0.00057408213615417,
      0.0043078064918518,
      0.7697651386261,
      0.410111784935,
      0.52285200357437,
      0.39475554227829,
      0.31245213747025,
      0.64176404476166,
      0.58999997377396,
      0.90857458114624,
      0.070921987295151,
      1.0,
      0.65812760591507,
      0.31148189306259,
      0.99989432096481,
      0.52924126386642,
      0.95111584663391,
      0.36801871657372,
      0.9923449754715,
      0.7379105091095,
      0.2629626095295,
      0.64542138576508,
      0.27501851320267,
      0.83501547574997,
      0.39641925692558,
      0.043780423700809,
      0.70703971385956,
      0.25236999988556
    ],
    "1": [
      0.73939824104309,
      0.53125166893005,
      0.18680965900421,
      0.2198581546545,
      0.00057408213615417,
      0.0043078064918518,
      0.7697651386261,
      0.410111784935,
      0.79637068510056,
      0.39475554227829,
      0.31245213747025,
      0.64176404476166,
      0.58999997377396,
      0.90857458114624,
      0.35424157977104,
      1.4102122804616e-05,
      0.033349893987179,
      0.78346616029739,
      0.80372905731201,
      0.52924126386642,
      0.95111584663391,
      0.36801871657372,
      0.9923449754715,
      0.7379105091095,
      0.2629626095295,
      0.64542138576508,
      0.27501851320267,
      0.83501547574997,
      0.39641925692558,
      0.043780423700809,
      0.70703971385956,
      0.25236999988556
    ],
    "2": [
      0.73939824104309,
      0.53125166893005,
      0.18680965900421,
      0.2198581546545,
      0.00057408213615417,
      0.0043078064918518,
      0.011011419817805,
      0.410111784935,
      0.79637068510056,
      0.39475554227829,
      0.17659348249435,
      0.64176404476166,
      0.61702126264572,
      0.90857458114624,
      0.35424157977104,
      1.4102122804616e-05,
      0.69499427080154,
      0.78346616029739,
      0.73004364967346,
      0.00026561738923192,
      0.95111584663391,
      0.36801871657372,
      0.9923449754715,
      0.00017074232164305,
      0.2629626095295,
      0.64542138576508,
      0.27501851320267,
      0.83501547574997,
      0.39641925692558,
      0.043780423700809,
      0.70703971385956,
      0.25236999988556
    ],
    "3": [
      0.73939824104309,
      0.53125166893005,
      0.18680965900421,
      0.7730495929718,
      0.00057408213615417,
      0.0043078064918518,
      0.011011419817805,
      0.410111784935,
      0.79637068510056,
      0.39475554227829,
      0.17659348249435,
      0.64176404476166,
      0.70992904901505,
      0.90857458114624,
      0.35424157977104,
      1.4102122804616e-05,
      0.69499427080154,
      0.78346616029739,
      0.73004364967346,
      0.00026561738923192,
      0.95111584663391,
      0.36801871657372,
      0.9923449754715,
      0.00017074232164305,
      0.2629626095295,
      0.64542138576508,
      0.27501851320267,
      0.83501547574997,
      0.39641925692558,
      0.043780423700809,
      0.70703971385956,
      0.25236999988556
    ],
    "4": [
      0.51774084568024,
      0.53125166893005,
      1.0,
      0.74964535236359,
      0.00057408213615417,
      0.0043078064918518,
      0.011011419817805,
      0.410111784935,
      0.79637068510056,
      0.39475554227829,
      0.17659348249435,
      0.64176404476166,
      0.44685429334641,
      0.90857458114624,
      0.35424157977104,
      1.4102122804616e-05,
      0.69499427080154,
      0.78346616029739,
      0.73004364967346,
      0.00026561738923192,
      0.95111584663391,
      0.36801871657372,
      0.9923449754715,
      0.00017074232164305,
      0.2629626095295,
      0.64542138576508,
      0.27501851320267,
      0.83501547574997,
      0.39641925692558,
      0.043780423700809,
      0.70703971385956,
      0.25236999988556
    ]
  }
}
