{
  "cols": 2,
  "data_max": [
    4.68595635092905,
    6.016108554535251
  ],
  "data_min": [
    -10.602910010208463,
    -6.1993597597390915
  ],
  "max": 1.0,
  "min": 0.0
}
