{
  "cols": 19,
  "mean": [
    28.06420158976199,
    -20.52288938539923,
    4.370517501966879,
    -8.263165498693773,
    -1.396877938528224,
    -3.1185886735423995,
    3.3934945809217263,
    5.709579264439991,
    8.239330943833355,
    7.025104271689776,
    5.210933321804188,
    1.4959204630571148,
    0.8610682402914861,
    -3.878423587093805,
    -4.927597643638708,
    -0.679832081391604,
    6.0870134641901705,
    7.464717017463325,
    4.414664761030734
  ],
  "std": [
    28.984892453535256,
    16.129172959574902,
    8.207926980090958,
    9.533153081289335,
    7.8552647270952045,
    8.347500682515786,
    5.907765649623296,
    5.399047432959255,
    6.011196200672405,
    4.588019032903841,
    6.938411709276424,
    5.348262148402984,
    5.818181928985771,
    5.8704170942197145,
    7.460210012133082,
    6.193025093481556,
    4.946014157767904,
    4.47822936739376,
    4.2168972294148
  ]
}
