{
  "cols": 3,
  "data": {
    "0": [
      0.26990973949432373,
      0.7880324125289917,
      0.08253800868988037
    ],
    "1": [
      0.9028067588806152,
      0.6300846338272095,
      0.2691006660461426
    ],
    "2": [
      0.07813310623168945,
      0.9547351598739624,
      0.807323694229126
    ],
    "3": [
      0.22231340408325195,
      0.18820464611053467,
      0.21674084663391113
    ]
  }
}
