{
  "cols": 3,
  "data": {
    "0": [
      0.9975224733352661,
      0.9940529465675354,
      0.00767972506582737
    ],
    "1": [
      0.9975224733352661,
      0.9940529465675354,
      0.9972670078277588
    ],
    "2": [
      0.9018300175666809,
      0.004430243745446205,
      0.9949969053268433
    ],
    "3": [
      0.9719783663749695,
      0.004430243745446205,
      0.006181037984788418
    ],
    "4": [
      0.0017036795616149902,
      0.004430243745446205,
      0.0011070594191551208
    ],
    "5": [
      0.0017036795616149902,
      0.004430243745446205,
      0.9932205677032471
    ],
    "6": [
      0.0017036795616149902,
      0.9973974823951721,
      0.0018705297261476517
    ]
  }
}
