{
  "cols": 3,
  "data": {
    "0": [
      0.004967084154486656,
      0.5798454880714417,
      0.0026568304747343063
    ],
    "1": [
      0.9987560510635376,
      0.6288615465164185,
      0.9996888041496277
    ],
    "2": [
      0.9979573488235474,
      0.007431328296661377,
      0.9966076016426086
    ],
    "3": [
      0.003672146238386631,
      0.007431328296661377,
      0.01556333713233471
    ],
    "4": [
      0.003672146238386631,
      0.9923548698425293,
      0.002254481427371502
    ],
    "5": [
      0.950391411781311,
      0.9923548698425293,
      0.9334298968315125
    ]
  }
}
