{
  "cols": 3,
  "data": {
    "0": [
      0.5277446508407593,
      0.7373442649841309,
      0.8819061517715454
    ],
    "1": [
      0.6765462160110474,
      0.6893506050109863,
      0.20728981494903564
    ],
    "2": [
      0.11299026012420654,
      0.9398342370986938,
      0.6444333791732788
    ],
    "3": [
      0.16921472549438477,
      0.4597511291503906,
      0.8825503587722778
    ]
  }
}
