{
  "cols": 3,
  "data": {
    "0": [
      0.00446610152721405,
      0.5681759715080261,
      0.0006307568401098251
    ],
    "1": [
      0.9977728128433228,
      0.6247687935829163,
      0.9992546439170837
    ],
    "2": [
      0.5032718181610107,
      0.9958505630493164,
      0.4909420609474182
    ],
    "3": [
      0.4462854564189911,
      0.003682827576994896,
      0.5660715699195862
    ]
  }
}
