{
  "cols": 3,
  "data": {
    "0": [
      0.9952078461647034,
      0.007308749482035637,
      0.9951545596122742
    ],
    "1": [
      0.9922041893005371,
      0.9955613613128662,
      0.9957050681114197
    ],
    "2": [
      0.0041046179831027985,
      0.9942622184753418,
      0.0009046569466590881
    ],
    "3": [
      0.0041046179831027985,
      0.0066031888127326965,
      0.014315702021121979
    ]
  }
}
