{
  "cols": 3,
  "data": {
    "0": [
      0.0044005075469613075,
      0.0038503361865878105,
      0.009265362285077572
    ],
    "1": [
      0.0044005075469613075,
      0.0038503361865878105,
      0.9934478402137756
    ],
    "2": [
      0.9993515610694885,
      0.0038503361865878105,
      0.9934478402137756
    ],
    "3": [
      0.9993515610694885,
      0.0038503361865878105,
      0.001523616723716259
    ],
    "4": [
      0.9968980550765991,
      0.9960025548934937,
      0.9953945875167847
    ],
    "5": [
      0.00741173792630434,
      0.9960025548934937,
      0.00620415061712265
    ]
  }
}
