{
  "cols": 3,
  "data": {
    "0": [
      0.4899275004863739,
      0.5338667631149292,
      0.4996522068977356
    ],
    "1": [
      7.152091711759567e-05,
      0.9984239935874939,
      0.002572178840637207
    ],
    "2": [
      0.998862624168396,
      0.007087557576596737,
      0.997514545917511
    ],
    "3": [
      0.999129056930542,
      0.9990285634994507,
      0.9765546917915344
    ],
    "4": [
      0.8531769514083862,
      0.003520321100950241,
      0.9981351494789124
    ]
  }
}
