{
  "cols": 33,
  "data": {
    "0": [
      0.1914893537759781,
      0.18534255027770996,
      0.501157283782959,
      0.13417315483093262,
      0.8298171758651733,
      0.320204496383667,
      0.9574467539787292,
      0.9787233471870422,
      0.9226278066635132,
      0.47917258739471436,
      0.4149482250213623,
      0.035626888275146484,
      0.03996872901916504,
      0.9133460521697998,
      0.8140571117401123,
      0.704529881477356,
      0.5088365077972412,
      0.174576997756958,
      0.42546284198760986,
      0.6162419319152832,
      0.817141056060791,
      0.9437911510467529,
      0.9451714754104614,
      0.8240407705307007,
      0.7721540927886963,
      0.2530416250228882,
      0.042687058448791504,
      0.6387848854064941,
      0.21483731269836426,
      0.77748703956604,
      0.6982667446136475,
      0.9419915676116943,
      0.6904646158218384
    ],
    "1": [
      0.5740092396736145,
      0.5743004083633423,
      0.501157283782959,
      0.13417315483093262,
      0.8298171758651733,
      0.320204496383667,
      0.9574467539787292,
      0.9787233471870422,
      0.9226278066635132,
      0.47917258739471436,
      0.4149482250213623,
      0.035626888275146484,
      0.03996872901916504,
      0.9133460521697998,
      0.8140571117401123,
      0.704529881477356,
      0.5088365077972412,
      0.174576997756958,
      0.42546284198760986,
      0.6162419319152832,
      0.817141056060791,
      0.9437911510467529,
      0.9451714754104614,
      0.8240407705307007,
      0.7721540927886963,
      0.2530416250228882,
      0.042687058448791504,
      0.6387848854064941,
      0.21483731269836426,
      0.77748703956604,
      0.6982667446136475,
      0.9419915676116943,
      0.6904646158218384
    ],
    "2": [
      0.5740092396736145,
      0.5743004083633423,
      0.501157283782959,
      0.13417315483093262,
      0.8298171758651733,
      0.320204496383667,
      0.34042292833328247,
      0.3404255211353302,
      0.8018272519111633,
      0.47917258739471436,
      0.4149482250213623,
      0.035626888275146484,
      0.03996872901916504,
      0.9133460521697998,
      0.8140571117401123,
      0.704529881477356,
      0.5088365077972412,
      0.174576997756958,
      0.42546284198760986,
      0.6162419319152832,
      0.817141056060791,
      0.9437911510467529,
      0.9451714754104614,
      0.8240407705307007,
      0.7721540927886963,
      0.2530416250228882,
      0.042687058448791504,
      0.6387848854064941,
      0.21483731269836426,
      0.77748703956604,
      0.6982667446136475,
      0.9419915676116943,
      0.6904646158218384
    ],
    "3": [
      0.5740092396736145,
      0.5743004083633423,
      0.501157283782959,
      0.13417315483093262,
      0.1560283601284027,
      0.320204496383667,
      0.34042292833328247,
      0.3404255211353302,
      0.8018272519111633,
      0.47917258739471436,
      0.4149482250213623,
      0.035626888275146484,
      0.03996872901916504,
      0.9133460521697998,
      0.8140571117401123,
      0.704529881477356,
      0.5088365077972412,
      0.174576997756958,
      0.42546284198760986,
      0.6162419319152832,
      0.817141056060791,
      0.9437911510467529,
      0.9451714754104614,
      0.8240407705307007,
      0.7721540927886963,
      0.2530416250228882,
      0.042687058448791504,
      0.6387848854064941,
      0.21483731269836426,
      0.77748703956604,
      0.6982667446136475,
      0.9419915676116943,
      0.6904646158218384
    ],
    "4": [
      0.22005850076675415,
      0.2151985764503479,
      0.501157283782959,
      0.13417315483093262,
      0.1560283601284027,
      0.320204496383667,
      0.567375898361206,
      0.48346146941185,
      0.8018272519111633,
      0.23404254019260406,
      0.1985815465450287,
      1.0,
      0.03996872901916504,
      0.9133460521697998,
      0.8140571117401123,
      0.704529881477356,
      0.5088365077972412,
      0.174576997756958,
      0.42546284198760986,
      0.6162419319152832,
      0.817141056060791,
      0.9437911510467529,
      0.9451714754104614,
      0.8240407705307007,
      0.7721540927886963,
      0.2530416250228882,
      0.042687058448791504,
      0.6387848854064941,
      0.21483731269836426,
      0.77748703956604,
      0.6982667446136475,
      0.9419915676116943,
      0.6904646158218384
    ],
    "5": [
      0.5682748556137085,
      0.29350608587265015,
      0.41931381821632385,
      0.668118417263031,
      0.7912919521331787,
      0.6658685803413391,
      0.1560283601284027,
      0.504411518573761,
      0.7159210443496704,
      0.3619597554206848,
      0.6595322489738464,
      0.33967456221580505,
      0.722580075263977,
      0.32620418071746826,
      0.3815869092941284,
      0.48345091938972473,
      0.45761922001838684,
      0.9087415933609009,
      0.42546284198760986,
      0.2869396507740021,
      0.3926662504673004,
      0.7123487591743469,
      0.4704757332801819,
      0.646601676940918,
      0.8510637879371643,
      0.6666308045387268,
      0.7872340083122253,
      0.725508451461792,
      0.7676085829734802,
      0.7515630722045898,
      0.6181477904319763,
      0.9419915676116943,
      0.6904646158218384
    ]
  }
}
