{
  "cols": 33,
  "data": {
    "0": [
      0.6162744760513306,
      0.5570464134216309,
      0.4999915361404419,
      0.6147315502166748,
      0.8673379421234131,
      0.9177249670028687,
      0.8545712232589722,
      0.6119076013565063,
      0.34614765644073486,
      0.43458878993988037,
      0.5536593198776245,
      0.18140530586242676,
      0.4784362316131592,
      0.9274094104766846,
      0.8416111469268799,
      0.9380084276199341,
      0.557397723197937,
      0.7674863338470459,
      0.5316555500030518,
      0.9872231483459473,
      0.869300365447998,
      0.2130584716796875,
      0.43931901454925537,
      0.2514801025390625,
      0.36690664291381836,
      0.3134664297103882,
      0.7412899732589722,
      0.5327428579330444,
      0.1307363510131836,
      0.24449872970581055,
      0.11444258689880371,
      0.8572479486465454,
      0.27311229705810547
    ],
    "1": [
      0.9383184909820557,
      0.5938729047775269,
      0.1867731809616089,
      0.8010704517364502,
      0.44963228702545166,
      0.6473968029022217,
      0.38814806938171387,
      0.22475183010101318,
      0.8043180704116821,
      0.27008163928985596,
      0.3685675859451294,
      0.35345733165740967,
      0.975566029548645,
      0.2698094844818115,
      0.6412608623504639,
      0.3034939765930176,
      0.8958030939102173,
      0.2531493902206421,
      0.3916419744491577,
      0.5072799921035767,
      0.3926788568496704,
      0.39740049839019775,
      0.30680084228515625,
      0.7124245166778564,
      0.8014708757400513,
      0.10506725311279297,
      0.4819985628128052,
      0.2527521848678589,
      0.9474292993545532,
      0.0013561248779296875,
      0.01767265796661377,
      0.5049880743026733,
      0.8422267436981201
    ],
    "2": [
      0.14644265174865723,
      0.256514310836792,
      0.8781931400299072,
      0.20880508422851563,
      0.3657604455947876,
      0.9966754913330078,
      0.3672623634338379,
      0.6391093730926514,
      0.02420198917388916,
      0.18848729133605957,
      0.9548813104629517,
      0.7527689933776855,
      0.39970433712005615,
      0.03401744365692139,
      0.6185486316680908,
      0.6987200975418091,
      0.5821478366851807,
      0.6509654521942139,
      0.6832281351089478,
      0.8270350694656372,
      0.5015459060668945,
      0.865731954574585,
      0.8889355659484863,
      0.10477340221405029,
      0.8237498998641968,
      0.45535218715667725,
      0.7319434881210327,
      0.6954392194747925,
      0.6692473888397217,
      0.714849591255188,
      0.04808306694030762,
      0.9773123264312744,
      0.05552327632904053
    ],
    "3": [
      0.03691840171813965,
      0.8676939010620117,
      0.7476258277893066,
      0.4415855407714844,
      0.6325299739837646,
      0.019012808799743652,
      0.7743357419967651,
      0.2857109308242798,
      0.9746432304382324,
      0.33202195167541504,
      0.3694413900375366,
      0.06519472599029541,
      0.7911617755889893,
      0.9696401357650757,
      0.7965390682220459,
      0.8457673788070679,
      0.7273740768432617,
      0.18177342414855957,
      0.5942870378494263,
      0.4447716474533081,
      0.6008957624435425,
      0.08720815181732178,
      0.6490015983581543,
      0.712780237197876,
      0.13130974769592285,
      0.46972882747650146,
      0.2131824493408203,
      0.8889620304107666,
      0.6978455781936646,
      0.4905085563659668,
      0.8000926971435547,
      0.10504007339477539,
      0.8009319305419922
    ]
  }
}
