{
  "cols": 33,
  "data": {
    "0": [
      0.9650635719299316,
      0.9513684511184692,
      0.307814359664917,
      0.4292609691619873,
      0.13098418712615967,
      0.20114970207214355,
      0.04783785343170166,
      0.6289138793945313,
      0.8647220134735107,
      0.802200436592102,
      0.26820433139801025,
      0.3233252763748169,
      0.3731715679168701,
      0.04510295391082764,
      0.13265764713287354,
      0.29277265071868896,
      0.9411072731018066,
      0.3716874122619629,
      0.4347614049911499,
      0.14683127403259277,
      0.07809162139892578,
      0.3914695978164673,
      0.47925519943237305,
      0.21317243576049805,
      0.7204015254974365,
      0.16215074062347412,
      0.7590442895889282,
      0.4381457567214966,
      0.6518927812576294,
      0.4401843547821045,
      0.16567695140838623,
      0.9995259046554565,
      0.6290364265441895
    ],
    "1": [
      0.32623353600502014,
      0.8737456798553467,
      0.307814359664917,
      0.4292609691619873,
      0.13098418712615967,
      0.20114970207214355,
      0.801452100276947,
      0.6289138793945313,
      0.48144927620887756,
      0.802200436592102,
      0.26820433139801025,
      0.3233252763748169,
      0.3731715679168701,
      0.5106382966041565,
      0.5531914830207825,
      0.29277265071868896,
      0.9411072731018066,
      0.3716874122619629,
      0.4347614049911499,
      0.14683127403259277,
      0.07809162139892578,
      0.3914695978164673,
      0.47925519943237305,
      0.21317243576049805,
      0.7204015254974365,
      0.16215074062347412,
      0.7590442895889282,
      0.4381457567214966,
      0.6518927812576294,
      0.4401843547821045,
      0.16567695140838623,
      0.9995259046554565,
      0.6290364265441895
    ],
    "2": [
      0.0,
      0.007092198356986046,
      0.307814359664917,
      0.4292609691619873,
      0.13098418712615967,
      1.0,
      1.0,
      1.0,
      1.0,
      0.802200436592102,
      0.26820433139801025,
      0.3233252763748169,
      1.0,
      0.5106382966041565,
      0.5531914830207825,
      0.29277265071868896,
      0.9411072731018066,
      0.3716874122619629,
      0.4347614049911499,
      0.14683127403259277,
      0.07809162139892578,
      0.3914695978164673,
      0.47925519943237305,
      0.21317243576049805,
      0.7204015254974365,
      0.16215074062347412,
      0.7590442895889282,
      0.4381457567214966,
      0.6518927812576294,
      0.4401843547821045,
      0.16567695140838623,
      0.9995259046554565,
      0.6290364265441895
    ],
    "3": [
      0.5546099543571472,
      0.04684682935476303,
      0.2085660845041275,
      0.41780945658683777,
      0.6281716227531433,
      0.607571005821228,
      0.1743629276752472,
      0.3928534686565399,
      0.8924787640571594,
      0.7550092339515686,
      0.9963487386703491,
      0.9965599179267883,
      0.7141034603118896,
      0.5467544794082642,
      0.5859314799308777,
      0.7087294459342957,
      0.0,
      0.0,
      0.9939233660697937,
      0.15769338607788086,
      0.6477164030075073,
      0.7838581800460815,
      0.3869704008102417,
      0.7627202868461609,
      0.00310684135183692,
      0.394562691450119,
      0.8466262221336365,
      0.9995583295822144,
      0.7741605639457703,
      0.9966364502906799,
      0.4240233600139618,
      0.9387111663818359,
      0.9419006109237671
    ]
  }
}
