{
  "cols": 33,
  "data": {
    "0": [
      0.0370866060256958,
      0.28152620792388916,
      0.17635118961334229,
      0.31352877616882324,
      0.9538904428482056,
      0.44443392753601074,
      0.2386467456817627,
      0.017037630081176758,
      0.7626919746398926,
      0.4183748960494995,
      0.3830296993255615,
      0.155309796333313,
      0.8927068710327148,
      0.05747663974761963,
      0.48117363452911377,
      0.7619316577911377,
      0.8313133716583252,
      0.5150415897369385,
      0.5478715896606445,
      0.831932783126831,
      0.8029640913009644,
      0.5463361740112305,
      0.7732349634170532,
      0.4091067314147949,
      0.27194464206695557,
      0.8643325567245483,
      0.2977665662765503,
      0.6297823190689087,
      0.8046904802322388,
      0.6112371683120728,
      0.3475915193557739,
      0.3485233783721924,
      0.589404821395874
    ],
    "1": [
      0.6062089204788208,
      0.2183237075805664,
      0.9085310697555542,
      0.22423458099365234,
      0.8174768686294556,
      0.7443352937698364,
      0.583601713180542,
      0.6248141527175903,
      0.8247236013412476,
      0.6652884483337402,
      0.5206550359725952,
      0.8800046443939209,
      0.9442107677459717,
      0.8006894588470459,
      0.48122096061706543,
      0.44305849075317383,
      0.6964802742004395,
      0.7770040035247803,
      0.9500745534896851,
      0.992762565612793,
      0.5405360460281372,
      0.615923285484314,
      0.5305207967758179,
      0.9396542310714722,
      0.08662819862365723,
      0.6592415571212769,
      0.900559663772583,
      0.8744347095489502,
      0.900598406791687,
      0.8504930734634399,
      0.9069610834121704,
      0.9308013916015625,
      0.3159559965133667
    ],
    "2": [
      0.5871999263763428,
      0.026792168617248535,
      0.8670142889022827,
      0.060132384300231934,
      0.8892965316772461,
      0.5925781726837158,
      0.13912951946258545,
      0.2925158739089966,
      0.06288480758666992,
      0.9775339365005493,
      0.9308278560638428,
      0.646774411201477,
      0.04527938365936279,
      0.3061918020248413,
      0.8786189556121826,
      0.07519102096557617,
      0.49362802505493164,
      0.44696998596191406,
      0.02464592456817627,
      0.6184003353118896,
      0.5230525732040405,
      0.8393542766571045,
      0.040102243423461914,
      0.3954770565032959,
      0.3306584358215332,
      0.47487521171569824,
      0.9124773740768433,
      0.8528927564620972,
      0.6665358543395996,
      0.28254377841949463,
      0.15648436546325684,
      0.3187367916107178,
      0.6400449275970459
    ],
    "3": [
      0.03481781482696533,
      0.21200144290924072,
      0.27628159523010254,
      0.44467973709106445,
      0.7108876705169678,
      0.110085129737854,
      0.6906670331954956,
      0.7834779024124146,
      0.3419426679611206,
      0.7359986305236816,
      0.5296981334686279,
      0.4022786617279053,
      0.18489289283752441,
      0.13365697860717773,
      0.5039596557617188,
      0.3563886880874634,
      0.05320310592651367,
      0.5387725830078125,
      0.2953345775604248,
      0.17116808891296387,
      0.7123016119003296,
      0.4813731908798218,
      0.8622486591339111,
      0.7834535837173462,
      0.9724302291870117,
      0.48171091079711914,
      0.5177357196807861,
      0.4425506591796875,
      0.9916770458221436,
      0.4429880380630493,
      0.8737369775772095,
      0.8467803001403809,
      0.9620753526687622
    ]
  }
}
