{
  "cols": 33,
  "data": {
    "0": [
      0.977089524269104,
      0.173709437251091,
      0.8544876575469971,
      0.4471682906150818,
      0.04538853093981743,
      0.3531968891620636,
      0.8248395919799805,
      0.3441438376903534,
      0.2906778156757355,
      0.6872293949127197,
      0.546650767326355,
      0.34636372327804565,
      0.5859346985816956,
      0.6467552781105042,
      0.7199751734733582,
      0.12070538848638535,
      0.22475425899028778,
      0.6735674738883972,
      0.7702828645706177,
      0.12059961259365082,
      0.584534227848053,
      0.5018826723098755,
      0.8100468516349792,
      0.4138585925102234,
      0.31214264035224915,
      0.16770297288894653,
      0.6349549293518066,
      0.7112343311309814,
      0.1614948958158493,
      0.7711255550384521,
      0.5895601511001587,
      0.3172611892223358,
      0.6175352334976196
    ],
    "1": [
      0.0004374575219117105,
      0.1630581170320511,
      0.4532783031463623,
      0.41049185395240784,
      0.04538853093981743,
      0.3531968891620636,
      1.0,
      1.0,
      1.0,
      0.6872293949127197,
      0.546650767326355,
      0.34636372327804565,
      0.5859346985816956,
      0.6467552781105042,
      0.7199751734733582,
      0.12070538848638535,
      0.22475425899028778,
      0.6735674738883972,
      0.7702828645706177,
      0.12059961259365082,
      0.584534227848053,
      0.5018826723098755,
      0.8100468516349792,
      0.4138585925102234,
      0.31214264035224915,
      0.16770297288894653,
      0.6349549293518066,
      0.7112343311309814,
      0.1614948958158493,
      0.7711255550384521,
      0.5895601511001587,
      0.3172611892223358,
      0.6175352334976196
    ],
    "2": [
      1.0,
      1.0,
      0.4532783031463623,
      0.41049185395240784,
      0.04538853093981743,
      0.3531968891620636,
      0.8650482892990112,
      0.6584778428077698,
      0.5960888266563416,
      0.6872293949127197,
      0.546650767326355,
      0.34636372327804565,
      0.5859346985816956,
      0.6467552781105042,
      0.7199751734733582,
      0.12070538848638535,
      0.22475425899028778,
      0.6735674738883972,
      0.7702828645706177,
      0.12059961259365082,
      0.584534227848053,
      0.3732427656650543,
      0.43731003999710083,
      0.4138585925102234,
      0.31214264035224915,
      0.16770297288894653,
      0.6349549293518066,
      0.7112343311309814,
      0.1614948958158493,
      0.7711255550384521,
      0.5895601511001587,
      0.3172611892223358,
      0.6175352334976196
    ],
    "3": [
      1.0,
      1.0,
      0.4532783031463623,
      0.41049185395240784,
      0.04964538663625717,
      0.03546099364757538,
      0.5886427164077759,
      0.6584778428077698,
      0.5960888266563416,
      0.6872293949127197,
      0.546650767326355,
      0.34636372327804565,
      0.6202394366264343,
      0.6467552781105042,
      0.7199751734733582,
      0.12070538848638535,
      0.22475425899028778,
      0.6735674738883972,
      0.7702828645706177,
      0.12059961259365082,
      0.584534227848053,
      0.3732427656650543,
      0.43731003999710083,
      0.4138585925102234,
      0.31214264035224915,
      0.16770297288894653,
      0.6349549293518066,
      0.7112343311309814,
      0.1614948958158493,
      0.7711255550384521,
      0.5895601511001587,
      0.3172611892223358,
      0.6175352334976196
    ],
    "4": [
      0.8284945487976074,
      0.6458559632301331,
      0.9528853297233582,
      1.0,
      0.2581560015678406,
      0.05673758685588837,
      0.9015436172485352,
      0.9247065782546997,
      0.8083705306053162,
      0.6872293949127197,
      0.546650767326355,
      0.34636372327804565,
      0.6202394366264343,
      0.6467552781105042,
      0.7199751734733582,
      0.12070538848638535,
      0.46810445189476013,
      0.28024622797966003,
      0.7702828645706177,
      0.12059961259365082,
      0.2930815517902374,
      0.045146550983190536,
      0.43731003999710083,
      0.4138585925102234,
      0.31214264035224915,
      0.16770297288894653,
      0.6349549293518066,
      0.7112343311309814,
      0.1614948958158493,
      0.7711255550384521,
      0.5895601511001587,
      0.3172611892223358,
      0.6175352334976196
    ]
  }
}
