{
  "cols": 33,
  "data": {
    "0": [
      0.22628624737262726,
      0.7611077427864075,
      0.18893995881080627,
      0.5065047144889832,
      0.15896034240722656,
      0.9679797887802124,
      0.5223508477210999,
      0.0010382439941167831,
      0.9809399247169495,
      0.3691231906414032,
      0.6636741161346436,
      0.04637858271598816,
      0.1860261857509613,
      0.21014493703842163,
      0.7034580111503601,
      0.4764724373817444,
      0.6158497333526611,
      0.3013181984424591,
      0.999882161617279,
      0.14499886333942413,
      0.034098245203495026,
      0.4683018624782562,
      0.7911427617073059,
      0.06725350022315979,
      0.11417461931705475,
      0.7081490159034729,
      0.9150005578994751,
      0.9938586354255676,
      0.46176081895828247,
      0.027154473587870598,
      0.2644275724887848,
      0.03630558028817177,
      0.9823095202445984
    ],
    "1": [
      0.14628705382347107,
      0.15856336057186127,
      0.23471395671367645,
      0.2239331603050232,
      0.08630184084177017,
      0.4098726511001587,
      0.7309735417366028,
      0.21458527445793152,
      0.6607176661491394,
      0.2801317572593689,
      0.28469982743263245,
      0.43091222643852234,
      0.3748258650302887,
      0.5331926941871643,
      0.4866099953651428,
      0.6235214471817017,
      0.483174204826355,
      0.13900882005691528,
      0.8562160134315491,
      0.3490002751350403,
      0.254665344953537,
      0.74388587474823,
      0.4859742224216461,
      0.2631121277809143,
      0.19899873435497284,
      0.3784499764442444,
      0.8842398524284363,
      0.8685975670814514,
      0.2087429314851761,
      0.40415239334106445,
      0.17697639763355255,
      0.06114065274596214,
      0.8404991030693054
    ],
    "2": [
      0.12148305028676987,
      0.268566757440567,
      0.28229179978370667,
      0.3945593237876892,
      0.5155658721923828,
      0.4681251645088196,
      0.06706281006336212,
      0.92763352394104,
      0.3742215037345886,
      0.2801317572593689,
      0.28469982743263245,
      0.43091222643852234,
      0.005293630063533783,
      0.12625308334827423,
      0.08134147524833679,
      0.9761984944343567,
      0.687484622001648,
      0.29640528559684753,
      0.8562160134315491,
      0.3490002751350403,
      0.254665344953537,
      0.74388587474823,
      0.4859742224216461,
      0.2631121277809143,
      0.19899873435497284,
      0.3784499764442444,
      0.8842398524284363,
      0.8685975670814514,
      0.2087429314851761,
      0.40415239334106445,
      0.17697639763355255,
      0.06114065274596214,
      0.8404991030693054
    ],
    "3": [
      0.13475176692008972,
      0.6735025644302368,
      0.48876094818115234,
      0.21720051765441895,
      0.09873855113983154,
      0.8791652917861938,
      0.9414724111557007,
      0.2729647159576416,
      0.08932113647460938,
      0.6816892623901367,
      0.9815202951431274,
      0.7771183252334595,
      0.7584187984466553,
      0.371021032333374,
      0.4107966423034668,
      0.26040804386138916,
      0.8238579034805298,
      0.2991013526916504,
      0.8222206830978394,
      0.7820042371749878,
      0.6443947553634644,
      0.7043267488479614,
      0.23494231700897217,
      0.43392515182495117,
      0.5075712203979492,
      0.05108773708343506,
      0.25913989543914795,
      0.8073511123657227,
      0.042880892753601074,
      0.02986001968383789,
      0.9201962947845459,
      0.2799128293991089,
      0.2236262559890747
    ]
  }
}
