{
  "cols": 33,
  "data": {
    "0": [
      0.2673608362674713,
      0.6965928673744202,
      0.9131026268005371,
      0.4488280415534973,
      0.07124239206314087,
      0.5763823986053467,
      0.12682251632213593,
      0.05976416915655136,
      0.1914689987897873,
      0.0032832680735737085,
      0.399443119764328,
      0.3033742606639862,
      0.17387127876281738,
      0.6311420798301697,
      0.3695734143257141,
      0.21561941504478455,
      0.6875202059745789,
      0.8239326477050781,
      0.9999985098838806,
      0.9726682305335999,
      0.9852888584136963,
      0.4353514611721039,
      0.3412473201751709,
      0.7930654287338257,
      0.8717740178108215,
      0.5983221530914307,
      0.9045010209083557,
      0.17221499979496002,
      0.6707072257995605,
      0.8308764696121216,
      0.27342918515205383,
      0.7854551076889038,
      0.05667645484209061
    ],
    "1": [
      0.3972557485103607,
      0.5762153267860413,
      0.5826093554496765,
      0.4488280415534973,
      0.3971630930900574,
      0.056668832898139954,
      0.7304964065551758,
      0.695035457611084,
      0.1914689987897873,
      0.0032832680735737085,
      0.399443119764328,
      0.3033742606639862,
      0.17387127876281738,
      0.6311420798301697,
      0.3695734143257141,
      0.21561941504478455,
      0.6875202059745789,
      0.8239326477050781,
      0.9999985098838806,
      0.9726682305335999,
      0.9852888584136963,
      0.4353514611721039,
      0.3412473201751709,
      0.7930654287338257,
      0.8717740178108215,
      0.5983221530914307,
      0.9045010209083557,
      0.17221499979496002,
      0.6707072257995605,
      0.8308764696121216,
      0.27342918515205383,
      0.7854551076889038,
      0.05667645484209061
    ],
    "2": [
      0.3972557485103607,
      0.5762153267860413,
      0.5826093554496765,
      0.4488280415534973,
      0.3971630930900574,
      0.056668832898139954,
      0.7304964065551758,
      0.695035457611084,
      0.1914689987897873,
      0.8794326186180115,
      0.7659574151039124,
      0.3033742606639862,
      0.17387127876281738,
      0.6311420798301697,
      0.3695734143257141,
      0.21561941504478455,
      0.6875202059745789,
      0.8239326477050781,
      0.9999985098838806,
      0.9726682305335999,
      0.9852888584136963,
      0.4353514611721039,
      0.3412473201751709,
      0.7930654287338257,
      0.8717740178108215,
      0.5983221530914307,
      0.9045010209083557,
      0.17221499979496002,
      0.6707072257995605,
      0.8308764696121216,
      0.27342918515205383,
      0.7854551076889038,
      0.05667645484209061
    ],
    "3": [
      0.6101213097572327,
      0.7344489097595215,
      0.609929084777832,
      0.6232402920722961,
      0.5815561413764954,
      0.638699471950531,
      1.0,
      1.0,
      0.1914689987897873,
      0.8794326186180115,
      0.7659574151039124,
      0.3033742606639862,
      0.17387127876281738,
      0.6311420798301697,
      0.3695734143257141,
      0.21561941504478455,
      0.6875202059745789,
      0.8239326477050781,
      0.9999985098838806,
      0.9726682305335999,
      0.9852888584136963,
      0.4353514611721039,
      0.3412473201751709,
      0.7930654287338257,
      0.8717740178108215,
      0.5983221530914307,
      0.9045010209083557,
      0.17221499979496002,
      0.6707072257995605,
      0.8308764696121216,
      0.27342918515205383,
      0.7854551076889038,
      0.05667645484209061
    ],
    "4": [
      0.6101213097572327,
      0.7344489097595215,
      0.609929084777832,
      0.6232402920722961,
      0.5815561413764954,
      0.638699471950531,
      1.0,
      1.0,
      0.1914689987897873,
      0.05673758685588837,
      0.0,
      0.3033742606639862,
      0.17387127876281738,
      0.6311420798301697,
      0.3695734143257141,
      0.21561941504478455,
      0.4610275328159332,
      0.6028368473052979,
      0.7446808218955994,
      0.985808253288269,
      0.5461621880531311,
      0.7680708765983582,
      0.647187352180481,
      0.5538430213928223,
      0.36907342076301575,
      0.2558627724647522,
      0.35776767134666443,
      0.3406297564506531,
      0.6382859349250793,
      0.4877954125404358,
      0.27342918515205383,
      0.7854551076889038,
      0.05667645484209061
    ],
    "5": [
      0.7304964065551758,
      0.5475479364395142,
      0.5270023345947266,
      0.21885544061660767,
      0.1914893537759781,
      0.1631205677986145,
      0.5390105843544006,
      0.47518467903137207,
      0.1914689987897873,
      0.05673758685588837,
      0.0,
      0.3033742606639862,
      0.17387127876281738,
      0.6311420798301697,
      0.3695734143257141,
      0.21561941504478455,
      0.4610275328159332,
      0.6028368473052979,
      0.7446808218955994,
      0.985808253288269,
      0.5461621880531311,
      0.7680708765983582,
      0.647187352180481,
      0.5538430213928223,
      0.36907342076301575,
      0.2558627724647522,
      0.35776767134666443,
      0.3406297564506531,
      0.6382859349250793,
      0.4877954125404358,
      0.27342918515205383,
      0.7854551076889038,
      0.05667645484209061
    ]
  }
}
