{
  "cols": 33,
  "data": {
    "0": [
      0.8414987325668335,
      0.18881790339946747,
      0.9939422011375427,
      0.8278238773345947,
      0.9622533917427063,
      0.3982672095298767,
      0.0056154471822083,
      0.8800040483474731,
      0.9691060185432434,
      0.9948703050613403,
      0.3940451145172119,
      0.30704569816589355,
      0.45962491631507874,
      0.9998146891593933,
      0.6411540508270264,
      0.7764636874198914,
      0.9406980872154236,
      0.7723127603530884,
      0.24823977053165436,
      0.48129141330718994,
      0.10853822529315948,
      0.03018391877412796,
      0.6734068989753723,
      0.18990974128246307,
      0.07811003178358078,
      0.5491352081298828,
      0.9929640293121338,
      0.8431544303894043,
      0.9356831908226013,
      0.6498830318450928,
      0.013081036508083344,
      0.028851943090558052,
      0.9997047781944275
    ],
    "1": [
      0.3611738681793213,
      0.9080761671066284,
      0.7073977589607239,
      0.033839449286460876,
      0.6653870940208435,
      0.2173003852367401,
      0.9070673584938049,
      0.7542209625244141,
      0.9715742468833923,
      0.9625333547592163,
      0.6751381754875183,
      0.9986525177955627,
      0.991523802280426,
      0.006657531950622797,
      0.1775989681482315,
      0.6028985381126404,
      0.20931386947631836,
      0.002592851407825947,
      0.9981617331504822,
      0.3634091019630432,
      0.9392626285552979,
      0.3685774803161621,
      0.8504438996315002,
      0.873569905757904,
      0.6053435206413269,
      0.8722848892211914,
      0.8892248868942261,
      0.8456650972366333,
      0.00018342729890719056,
      0.32354363799095154,
      0.9251430630683899,
      0.530193030834198,
      0.010933238081634045
    ],
    "2": [
      0.7897873520851135,
      0.9080761671066284,
      0.7073977589607239,
      0.033839449286460876,
      0.6653870940208435,
      0.8835681080818176,
      0.3404255211353302,
      0.23191487789154053,
      0.9715742468833923,
      0.9625333547592163,
      0.6751381754875183,
      0.9986525177955627,
      0.991523802280426,
      0.006657531950622797,
      0.1775989681482315,
      0.6028985381126404,
      0.20931386947631836,
      0.002592851407825947,
      0.9981617331504822,
      0.3634091019630432,
      0.9392626285552979,
      0.3685774803161621,
      0.8504438996315002,
      0.873569905757904,
      0.6053435206413269,
      0.8722848892211914,
      0.8892248868942261,
      0.8456650972366333,
      0.00018342729890719056,
      0.32354363799095154,
      0.9251430630683899,
      0.530193030834198,
      0.010933238081634045
    ],
    "3": [
      0.7897873520851135,
      0.9080761671066284,
      0.7073977589607239,
      0.033839449286460876,
      0.6653870940208435,
      0.8835681080818176,
      0.3404255211353302,
      0.23191487789154053,
      0.4987489581108093,
      0.4721381664276123,
      0.8581560254096985,
      0.9986525177955627,
      0.991523802280426,
      0.006657531950622797,
      0.1775989681482315,
      0.6028985381126404,
      0.5825057625770569,
      0.45803627371788025,
      0.9981617331504822,
      0.3634091019630432,
      0.9392626285552979,
      0.3685774803161621,
      0.5878236889839172,
      0.5650953054428101,
      0.6053435206413269,
      0.8722848892211914,
      0.8892248868942261,
      0.8456650972366333,
      0.00018342729890719056,
      0.32354363799095154,
      0.9251430630683899,
      0.530193030834198,
      0.010933238081634045
    ],
    "4": [
      0.7897873520851135,
      0.9080761671066284,
      0.7073977589607239,
      0.033839449286460876,
      0.22002248466014862,
      0.3136150538921356,
      0.3404255211353302,
      0.23191487789154053,
      0.4987489581108093,
      0.4721381664276123,
      0.8581560254096985,
      0.9986525177955627,
      0.991523802280426,
      0.006657531950622797,
      0.1775989681482315,
      0.6028985381126404,
      0.5825057625770569,
      0.45803627371788025,
      0.9981617331504822,
      0.3634091019630432,
      0.9392626285552979,
      0.3685774803161621,
      0.5878236889839172,
      0.5650953054428101,
      0.6053435206413269,
      0.8722848892211914,
      0.8892248868942261,
      0.8456650972366333,
      0.00018342729890719056,
      0.32354363799095154,
      0.9251430630683899,
      0.530193030834198,
      0.010933238081634045
    ],
    "5": [
      0.3061162233352661,
      0.244501531124115,
      0.7073977589607239,
      0.033839449286460876,
      0.22002248466014862,
      0.3136150538921356,
      0.7515625357627869,
      0.7586885690689087,
      0.4987489581108093,
      0.4721381664276123,
      0.8581560254096985,
      0.9986525177955627,
      0.5720787644386292,
      0.6589821577072144,
      0.6190789341926575,
      0.4300720691680908,
      0.9043813943862915,
      0.9554247856140137,
      0.34617912769317627,
      0.9206494092941284,
      0.8555457592010498,
      0.672793984413147,
      0.7110118269920349,
      0.6353439092636108,
      0.6053435206413269,
      0.9244008660316467,
      0.8892248868942261,
      0.8603836297988892,
      0.00018342729890719056,
      0.32354363799095154,
      0.9251430630683899,
      0.530193030834198,
      0.010933238081634045
    ],
    "6": [
      0.6046451330184937,
      0.14175951480865479,
      0.03610801696777344,
      0.8770318031311035,
      0.9640824794769287,
      0.6162317991256714,
      0.050772786140441895,
      0.8524905443191528,
      0.017613768577575684,
      0.28129899501800537,
      0.41433942317962646,
      0.7477483749389648,
      0.36815202236175537,
      0.8490276336669922,
      0.7257074117660522,
      0.4071543216705322,
      0.02331078052520752,
      0.48707258701324463,
      0.35441792011260986,
      0.0851060152053833,
      0.6492849588394165,
      0.018420696258544922,
      0.790035605430603,
      0.3397073745727539,
      0.11057806015014648,
      0.35641777515411377,
      0.10094451904296875,
      0.16825497150421143,
      0.7219994068145752,
      0.9613349437713623,
      0.22306668758392334,
      0.270807147026062,
      0.2608565092086792
    ]
  }
}
