{
  "cols": 3,
  "data": {
    "0": [
      0.97165203094482,
      0.0,
      1.0
    ],
    "1": [
      0.99120235443115,
      0.0,
      0.0
    ],
    "2": [
      1.0,
      1.0,
      0.0039215688593686
    ],
    "3": [
      1.0,
      1.0,
      0.92549020051956
    ],
    "4": [
      0.0,
      1.0,
      0.027450980618596
    ],
    "5": [
      0.0,
      1.0,
      0.97647058963776
    ],
    "6": [
      0.0,
      0.0,
      0.96470588445663
    ],
    "7": [
      0.0,
      0.0,
      0.015686275437474
    ]
  }
}
