{
  "cols": 16,
  "data": {
    "0": [
      0.812495470047,
      0.55673480033875,
      0.0,
      0.68416494131088,
      0.067795425653458,
      0.86397063732147,
      0.93765294551849,
      0.9953048825264,
      0.99790608882904,
      3.8444995880127e-06,
      4.2229890823364e-05,
      5.7637691497803e-05,
      0.76165699958801,
      0.33920124173164,
      0.00012418627738953,
      0.00092306733131409
    ],
    "1": [
      0.38297870755196,
      0.15419247746468,
      0.46617090702057,
      0.7730495929718,
      0.067795425653458,
      0.86397063732147,
      0.93765294551849,
      0.9953048825264,
      0.99790608882904,
      3.8444995880127e-06,
      4.2229890823364e-05,
      5.7637691497803e-05,
      0.76165699958801,
      0.33920124173164,
      0.00012418627738953,
      0.00092306733131409
    ],
    "2": [
      0.38297870755196,
      0.15419247746468,
      0.46617090702057,
      0.7730495929718,
      0.067795425653458,
      0.86397063732147,
      0.93765294551849,
      0.9953048825264,
      0.99790608882904,
      3.8444995880127e-06,
      4.2229890823364e-05,
      5.7637691497803e-05,
      1.0,
      0.33920124173164,
      0.00012418627738953,
      0.00092306733131409
    ],
    "3": [
      1.0,
      0.94326239824295,
      0.46617090702057,
      0.6028368473053,
      0.067795425653458,
      0.64502912759781,
      0.93765294551849,
      0.9953048825264,
      0.99790608882904,
      3.8444995880127e-06,
      4.2229890823364e-05,
      5.7637691497803e-05,
      1.0,
      0.33920124173164,
      0.00012418627738953,
      0.00092306733131409
    ],
    "4": [
      1.0,
      0.94326239824295,
      0.46617090702057,
      0.6028368473053,
      0.067795425653458,
      0.64502912759781,
      0.93765294551849,
      0.9953048825264,
      0.99790608882904,
      3.8444995880127e-06,
      4.2229890823364e-05,
      5.7637691497803e-05,
      0.58652484416962,
      0.68652480840683,
      0.00012418627738953,
      0.00092306733131409
    ],
    "5": [
      0.74387657642364,
      0.46970599889755,
      0.46617090702057,
      0.6028368473053,
      0.067795425653458,
      0.64502912759781,
      0.93765294551849,
      0.9953048825264,
      0.99790608882904,
      0.80851060152054,
      0.41843971610069,
      5.7637691497803e-05,
      0.79432618618011,
      0.26241132616997,
      0.66232627630234,
      0.61446744203568
    ],
    "6": [
      0.82978719472885,
      0.79219853878021,
      0.46617090702057,
      0.6028368473053,
      0.067795425653458,
      0.64502912759781,
      0.93765294551849,
      0.9953048825264,
      0.99790608882904,
      3.8444995880127e-06,
      4.2229890823364e-05,
      5.7637691497803e-05,
      1.0,
      0.33920124173164,
      0.00012418627738953,
      0.00092306733131409
    ]
  }
}
