{
  "cols": 16,
  "data": {
    "0": [
      0.1560283601284,
      0.052340425550938,
      0.46595743298531,
      0.15281856060028,
      0.60053682327271,
      0.00011917948722839,
      0.75774121284485,
      0.99258309602737,
      0.99997282028198,
      0.41134750843048,
      0.30497598648071,
      0.29078012704849,
      0.5886328220367401,
      0.36547142267227,
      0.0010753014357761,
      0.0046058753505349
    ],
    "1": [
      0.0,
      0.39007091522217,
      0.4610558450222,
      0.65049612522125,
      0.43974471092224,
      0.00011917948722839,
      0.75774121284485,
      0.99258309602737,
      0.99997282028198,
      0.00038114318158478,
      0.30497598648071,
      0.29078012704849,
      0.99995708465576,
      0.57442235946655,
      0.0010753014357761,
      0.0046058753505349
    ],
    "2": [
      0.54609924554825,
      0.39007091522217,
      0.4610558450222,
      0.65049612522125,
      0.43974471092224,
      0.00011917948722839,
      0.75774121284485,
      0.99258309602737,
      0.99997282028198,
      0.00038114318158478,
      0.30497598648071,
      0.29078012704849,
      0.99995708465576,
      0.57442235946655,
      0.0010753014357761,
      0.0046058753505349
    ],
    "3": [
      0.099300853908062,
      0.45076704025269,
      0.18372109532356,
      0.86515003442764,
      0.59543418884277,
      0.00011917948722839,
      0.75774121284485,
      0.99258309602737,
      0.31205672025681,
      0.93404471874237,
      0.52849799394608,
      0.29078012704849,
      0.99995708465576,
      0.57442235946655,
      0.0010753014357761,
      0.0046058753505349
    ],
    "4": [
      0.91836875677109,
      0.47226947546005,
      0.39669534564018,
      0.60748547315598,
      0.3772186934948,
      0.00011917948722839,
      0.75774121284485,
      0.99258309602737,
      1.0,
      0.0,
      0.52849799394608,
      0.29078012704849,
      0.99995708465576,
      0.57442235946655,
      0.0010753014357761,
      0.0046058753505349
    ],
    "5": [
      0.84893614053726,
      0.35460990667343,
      0.39669534564018,
      0.65957444906235,
      0.46558460593224,
      0.00011917948722839,
      0.75774121284485,
      0.99258309602737,
      0.9999852180481,
      0.66723400354385,
      0.52849799394608,
      0.29078012704849,
      0.60303717851639,
      0.2602031826973,
      0.0010753014357761,
      0.0046058753505349
    ]
  }
}
