{
  "cols": 4,
  "data": {
    "0": [
      0.0,
      0.0,
      0.0,
      0.0
    ],
    "1": [
      0.0,
      0.9999925494194,
      0.0,
      1.0
    ],
    "2": [
      0.99999356269836,
      1.0,
      0.99999475479126,
      1.0
    ],
    "3": [
      1.0,
      0.0,
      0.99999731779099,
      0.0
    ]
  }
}
