{
  "cols": 14,
  "data": {
    "0": [
      0.13808831572533,
      0.14711347222328,
      0.60791850090027,
      0.51362544298172,
      0.97827583551407,
      0.45370256900787,
      0.65516066551208,
      1.0,
      0.0013650059700012,
      0.018944412469864,
      0.011891186237335,
      0.063219666481018,
      0.060061156749725,
      1.0
    ],
    "1": [
      0.50356966257095,
      0.0,
      0.31205672025681,
      0.95319145917892,
      0.97827583551407,
      0.45370256900787,
      0.65516066551208,
      1.0,
      0.0013650059700012,
      0.018944412469864,
      0.011891186237335,
      0.063219666481018,
      0.7730495929718,
      1.0
    ],
    "2": [
      0.50356966257095,
      0.0,
      0.054609928280115,
      0.95319145917892,
      0.97827583551407,
      1.0,
      0.0,
      1.0,
      0.78178572654724,
      0.92634999752045,
      0.011891186237335,
      0.063219666481018,
      0.18226949870586,
      0.54609924554825
    ],
    "3": [
      0.56021398305893,
      0.5876641869545,
      0.37226948142052,
      1.0,
      0.97827583551407,
      1.0,
      0.0,
      1.0,
      0.78178572654724,
      0.92634999752045,
      0.011891186237335,
      0.063219666481018,
      0.0,
      0.78533565998077
    ]
  }
}
