{
  "cols": 14,
  "data": {
    "0": [
      0.56847542524338,
      0.37835878133774,
      0.41781863570213,
      0.45630723237991,
      0.0012495517730713,
      0.0037517249584198,
      0.9975837469101,
      0.36085334420204,
      0.27791157364845,
      0.0015154480934143,
      0.00047197937965393,
      0.00072076916694641,
      0.26241132616997,
      0.92539101839066
    ],
    "1": [
      0.092198580503464,
      7.0107134888531e-06,
      0.70212763547897,
      1.0,
      0.0012495517730713,
      0.0037517249584198,
      0.85106378793716,
      0.36085334420204,
      0.27791157364845,
      0.0015154480934143,
      0.00047197937965393,
      0.028673758730292,
      0.26241132616997,
      0.92539101839066
    ],
    "2": [
      0.86524820327759,
      0.72127658128738,
      0.47517728805542,
      1.0,
      0.0012495517730713,
      0.0037517249584198,
      0.85106378793716,
      0.17368793487549,
      0.20567375421524,
      0.11340247094631,
      0.63829785585403,
      0.30496454238892,
      0.26241132616997,
      0.92539101839066
    ],
    "3": [
      0.86524820327759,
      0.72127658128738,
      0.47517728805542,
      1.0,
      0.0012495517730713,
      0.0037517249584198,
      0.85106378793716,
      0.42553189396858,
      0.32411348819733,
      0.26241132616997,
      0.63829785585403,
      0.30496454238892,
      0.092198580503464,
      0.51773047447205
    ],
    "4": [
      0.2198581546545,
      0.035460993647575,
      0.06382978707552,
      0.90376025438309,
      0.0002821683883667,
      0.0017356276512146,
      0.86962246894836,
      0.43262410163879,
      0.6028368473053,
      0.5744680762291,
      0.65803456306458,
      0.27878251671791,
      0.25867572426796,
      0.92718905210495
    ]
  }
}
