{
  "cols": 2,
  "data": {
    "0": [
      0.0008928058668971062,
      0.9934724569320679
    ],
    "1": [
      0.9971886277198792,
      0.9934724569320679
    ],
    "2": [
      0.9924537539482117,
      0.0063166990876197815
    ],
    "3": [
      0.00328143872320652,
      0.0063166990876197815
    ]
  }
}
