{
  "cols": 7,
  "data": {
    "0": [
      0.36936935782432556,
      0.18918919563293457,
      0.19417475163936615,
      0.06796116381883621,
      0.5964912176132202,
      0.6595744490623474,
      0.0
    ],
    "1": [
      0.12612612545490265,
      0.30630630254745483,
      0.28155338764190674,
      0.25242719054222107,
      0.5964912176132202,
      0.1489361673593521,
      0.36082473397254944
    ],
    "2": [
      0.4054054021835327,
      0.5765765905380249,
      0.28155338764190674,
      0.25242719054222107,
      0.5964912176132202,
      0.6808510422706604,
      0.4536082446575165
    ],
    "3": [
      0.45945945382118225,
      0.6396396160125732,
      0.3980582654476166,
      0.1456310749053955,
      0.5964912176132202,
      0.6808510422706604,
      0.4536082446575165
    ]
  }
}
