{
  "cols": 3,
  "data": {
    "0": [
      0.0,
      0.61388075351715,
      0.3098039329052
    ],
    "1": [
      0.0,
      0.0,
      0.019607843831182
    ],
    "2": [
      0.0,
      1.0,
      0.0
    ],
    "3": [
      1.0,
      1.0,
      0.95686274766922
    ],
    "4": [
      1.0,
      0.0,
      0.50980395078659
    ]
  }
}
