{
  "cols": 3,
  "data": {
    "0": [
      0.0,
      1.0,
      0.011764706112444
    ],
    "1": [
      1.0,
      1.0,
      0.99215686321259
    ],
    "2": [
      1.0,
      0.0,
      1.0
    ],
    "3": [
      0.0,
      0.0,
      0.011764706112444
    ]
  }
}
