{
  "cols": 3,
  "data": {
    "0": [
      0.58260017633438,
      1.0,
      0.42745098471642
    ],
    "1": [
      0.41446724534035,
      0.0,
      0.49803921580315
    ],
    "2": [
      0.50048875808716,
      0.48875856399536,
      0.47843137383461
    ],
    "3": [
      0.0,
      0.62365591526031,
      0.0
    ],
    "4": [
      1.0,
      0.60606062412262,
      0.60784316062927
    ]
  }
}
