{
  "cols": 3,
  "data": {
    "0": [
      0.0,
      0.99608993530273,
      0.0
    ],
    "1": [
      0.0,
      1.0,
      1.0
    ],
    "2": [
      0.0,
      0.0,
      0.0078431377187371
    ],
    "3": [
      1.0,
      0.0,
      0.99215686321259
    ],
    "4": [
      1.0,
      0.99315738677979,
      1.0
    ],
    "5": [
      1.0,
      1.0,
      0.0078431377187371
    ]
  }
}
