{
  "cols": 3,
  "data": {
    "0": [
      0.49657869338989,
      0.48875856399536,
      0.49411764740944
    ],
    "1": [
      0.0,
      0.45747801661491,
      0.0
    ],
    "2": [
      1.0,
      0.57673507928848,
      1.0
    ],
    "3": [
      0.57478004693985,
      1.0,
      0.30588236451149
    ],
    "4": [
      0.24633431434631,
      0.0,
      0.32156863808632
    ]
  }
}
