{
  "cols": 3,
  "data": {
    "0": [
      0.0,
      0.0,
      0.015686275437474
    ],
    "1": [
      0.0,
      0.0,
      1.0
    ],
    "2": [
      0.98338222503662,
      1.0,
      1.0
    ],
    "3": [
      1.0,
      0.0058651026338339,
      1.0
    ],
    "4": [
      0.0,
      0.95014661550522,
      0.0
    ]
  }
}
