{
  "cols": 25,
  "data": {
    "0": [
      0.18936169147491,
      0.43969276547432,
      0.85627847909927,
      0.99427634477615,
      0.63830161094666,
      0.00049958447925746,
      0.94187963008881,
      3.6836543586105e-05,
      0.27448457479477,
      0.1560283601284,
      0.6238029003143301,
      0.27121874690056,
      0.00017555159865879,
      0.34042552113533,
      0.99835014343262,
      0.0021789877209812,
      0.99632489681244,
      0.0034268875606358,
      0.41843971610069,
      0.9998881816864,
      0.9999965429306,
      0.87230587005615,
      1.3323234270501e-05,
      0.99756765365601,
      0.49432623386383
    ],
    "1": [
      0.18936169147491,
      0.34113475680351,
      0.85627847909927,
      0.99427634477615,
      0.63830161094666,
      0.00049958447925746,
      0.94187963008881,
      3.6836543586105e-05,
      0.27448457479477,
      0.1560283601284,
      0.6238029003143301,
      0.27121874690056,
      0.00017555159865879,
      0.34042552113533,
      0.99835014343262,
      0.0021789877209812,
      0.99632489681244,
      0.0034268875606358,
      0.41843971610069,
      0.9998881816864,
      0.9999965429306,
      0.87230587005615,
      1.3323234270501e-05,
      0.99756765365601,
      0.49432623386383
    ],
    "2": [
      0.18936169147491,
      0.59361702203751,
      0.85627847909927,
      0.99427634477615,
      0.63830161094666,
      0.00049958447925746,
      0.94187963008881,
      3.6836543586105e-05,
      0.27448457479477,
      0.1560283601284,
      0.6238029003143301,
      0.27121874690056,
      0.00017555159865879,
      0.55319148302078,
      0.4780141711235,
      0.0021789877209812,
      0.99632489681244,
      0.0034268875606358,
      0.41843971610069,
      0.9998881816864,
      0.9999965429306,
      0.87230587005615,
      1.3323234270501e-05,
      0.99756765365601,
      0.49432623386383
    ],
    "3": [
      0.18936169147491,
      0.48226949572563,
      0.85627847909927,
      0.99427634477615,
      0.63830161094666,
      0.00049958447925746,
      0.94187963008881,
      3.6836543586105e-05,
      0.27448457479477,
      0.1560283601284,
      0.6238029003143301,
      0.27121874690056,
      0.00017555159865879,
      0.55319148302078,
      0.54183906316757,
      0.0021789877209812,
      0.99632489681244,
      0.0034268875606358,
      0.41843971610069,
      0.9998881816864,
      0.9999965429306,
      0.87230587005615,
      1.3323234270501e-05,
      0.99756765365601,
      0.49432623386383
    ],
    "4": [
      0.00010364290210418,
      0.43930745124817,
      0.85627847909927,
      0.99427634477615,
      0.63830161094666,
      0.00049958447925746,
      0.94187963008881,
      3.6836543586105e-05,
      0.27448457479477,
      0.1560283601284,
      0.6238029003143301,
      0.27121874690056,
      0.00017555159865879,
      0.62555915117264,
      0.54183906316757,
      0.0021789877209812,
      0.99632489681244,
      0.0034268875606358,
      0.32627719640732,
      0.9998881816864,
      0.9999965429306,
      0.87230587005615,
      1.3323234270501e-05,
      0.99756765365601,
      0.49432623386383
    ]
  }
}
