{
  "cols": 26,
  "data": {
    "0": [
      0.0,
      0.46808508038521,
      0.0,
      0.99995106458664,
      0.079305380582809,
      0.79430317878723,
      0.0,
      0.80271190404892,
      0.42358240485191,
      0.18885934352875,
      0.69988000392914,
      0.221674233675,
      0.014164920896292,
      0.3057726919651,
      0.62775725126266,
      0.2889179289341,
      0.98937833309174,
      0.0,
      0.35248225927353,
      0.85344809293747,
      0.64946496486664,
      0.81747335195541,
      0.81586730480194,
      0.89944344758987,
      0.8385856151580801,
      0.11036166548729
    ],
    "1": [
      0.0,
      0.46808508038521,
      0.0,
      0.32624113559723,
      0.079305380582809,
      0.79430317878723,
      0.0,
      0.80271190404892,
      0.42358240485191,
      0.18885934352875,
      0.69988000392914,
      0.221674233675,
      0.014164920896292,
      0.3057726919651,
      0.56039208173752,
      0.018310746178031,
      0.98937833309174,
      0.0,
      0.35248225927353,
      0.85344809293747,
      0.52551597356796,
      0.81747335195541,
      0.81586730480194,
      0.31205672025681,
      0.8385856151580801,
      0.11036166548729
    ],
    "2": [
      0.0,
      0.46808508038521,
      0.0,
      1.0,
      0.079305380582809,
      0.79430317878723,
      0.0,
      0.80271190404892,
      0.42358240485191,
      0.18885934352875,
      0.69988000392914,
      0.221674233675,
      0.014164920896292,
      0.39020377397537,
      0.99896174669266,
      0.018310746178031,
      0.98937833309174,
      0.0,
      0.35248225927353,
      0.85344809293747,
      0.52551597356796,
      0.81747335195541,
      0.81586730480194,
      0.31205672025681,
      0.8385856151580801,
      0.11036166548729
    ],
    "3": [
      0.0,
      0.59572106599808,
      0.99803912639618,
      1.0,
      0.079305380582809,
      0.79430317878723,
      0.0,
      0.80271190404892,
      0.42358240485191,
      0.18885934352875,
      0.69988000392914,
      0.221674233675,
      0.014164920896292,
      0.39020377397537,
      0.99896174669266,
      0.018310746178031,
      0.98937833309174,
      0.0,
      0.35248225927353,
      0.85344809293747,
      0.52551597356796,
      0.81747335195541,
      0.81586730480194,
      0.31205672025681,
      0.8385856151580801,
      0.11036166548729
    ],
    "4": [
      0.0,
      0.30496454238892,
      0.99803912639618,
      1.0,
      0.079305380582809,
      0.79430317878723,
      0.0,
      0.80271190404892,
      0.42358240485191,
      0.18885934352875,
      0.69988000392914,
      0.221674233675,
      0.0081240674480796,
      0.43753489851952,
      0.99896174669266,
      0.018310746178031,
      0.98937833309174,
      0.0,
      0.35248225927353,
      0.85344809293747,
      0.52551597356796,
      0.81747335195541,
      0.81586730480194,
      0.31205672025681,
      0.8385856151580801,
      0.11036166548729
    ]
  }
}
