{
  "cols": 25,
  "data": {
    "0": [
      0.068794324994087,
      0.74964535236359,
      0.99263483285904,
      0.92649340629578,
      0.056229531764984,
      0.46595743298531,
      0.1701982319355,
      0.96892136335373,
      0.67315530776978,
      0.49007532000542,
      0.89406651258469,
      0.84184396266937,
      0.00019604977569543,
      0.47518274188042,
      1.0,
      0.021779257804155,
      0.99999308586121,
      0.0027158888988197,
      0.73751991987228,
      0.74497807025909,
      0.70921051502228,
      0.9998796582222,
      0.99867188930511,
      0.57435870170593,
      0.62411344051361
    ],
    "1": [
      0.068794324994087,
      0.74964535236359,
      0.99263483285904,
      0.92649340629578,
      0.056229531764984,
      0.46595743298531,
      0.1701982319355,
      0.96892136335373,
      0.67315530776978,
      0.49007532000542,
      0.89406651258469,
      0.84184396266937,
      0.00019604977569543,
      0.47518274188042,
      1.0,
      0.013673266395926,
      0.99999308586121,
      0.0027158888988197,
      0.73751991987228,
      0.74497807025909,
      0.70921051502228,
      0.9998796582222,
      0.99867188930511,
      0.94957441091537,
      0.62411344051361
    ],
    "2": [
      0.068794324994087,
      0.4517730474472,
      0.99263483285904,
      0.62343204021454,
      0.056229531764984,
      0.281619399786,
      0.1701982319355,
      0.96892136335373,
      0.67315530776978,
      0.49007532000542,
      0.89406651258469,
      0.84184396266937,
      0.00019604977569543,
      0.47518274188042,
      1.0,
      0.013673266395926,
      0.99999308586121,
      0.0027158888988197,
      0.4468084871769,
      0.74497807025909,
      0.26241132616997,
      0.99597436189651,
      0.31760990619659,
      0.70921981334686,
      0.41047921776772
    ],
    "3": [
      0.068794324994087,
      0.56028366088867,
      0.99263483285904,
      0.83669537305832,
      0.31879472732544,
      0.99926197528839,
      0.1701982319355,
      0.96892136335373,
      0.67315530776978,
      0.49007532000542,
      0.89406651258469,
      0.84184396266937,
      0.00019604977569543,
      0.47518274188042,
      1.0,
      0.013673266395926,
      0.99999308586121,
      0.0027158888988197,
      0.4468084871769,
      0.74497807025909,
      0.7921946644783,
      0.99597436189651,
      0.65185385942459,
      0.91432368755341,
      0.76333397626877
    ],
    "4": [
      0.068794324994087,
      0.56028366088867,
      0.99263483285904,
      0.83669537305832,
      0.31879472732544,
      0.99926197528839,
      0.1701982319355,
      0.96892136335373,
      0.67315530776978,
      0.49007532000542,
      0.89406651258469,
      0.84184396266937,
      0.43971630930901,
      0.14339183270931,
      1.0,
      0.013673266395926,
      0.99999308586121,
      0.0027158888988197,
      0.4468084871769,
      0.74497807025909,
      0.7921946644783,
      0.99597436189651,
      0.65185385942459,
      0.91432368755341,
      0.76333397626877
    ],
    "5": [
      0.068794324994087,
      0.57021272182465,
      0.99794751405716,
      0.83669537305832,
      0.31879472732544,
      0.99926197528839,
      0.1701982319355,
      0.96892136335373,
      0.67315530776978,
      0.49007532000542,
      0.89406651258469,
      0.84184396266937,
      0.43971630930901,
      0.14339183270931,
      1.0,
      0.013673266395926,
      0.99999308586121,
      0.0027158888988197,
      0.51063829660416,
      1.4657525753137e-05,
      0.7921946644783,
      0.99597436189651,
      0.56935966014862,
      0.44602835178375,
      0.76333397626877
    ]
  }
}
