{
  "cols": 26,
  "data": {
    "0": [
      0.13118539750576,
      0.43262410163879,
      0.90779864788055,
      0.54580014944077,
      0.0015457874396816,
      0.7934917807579,
      0.0,
      0.35460990667343,
      0.27448457479477,
      0.1560283601284,
      0.6238029003143301,
      0.27121874690056,
      8.915646321839e-05,
      0.43262410163879,
      0.75780344009399,
      0.00088895100634545,
      0.9999852180481,
      0.19948111474514,
      0.49645388126373,
      0.59575617313385,
      0.94881099462509,
      0.57985413074493,
      0.87021273374558,
      0.53919875621796,
      0.7942196726799,
      0.3737730383873
    ],
    "1": [
      0.13118539750576,
      0.43262410163879,
      0.90779864788055,
      0.54580014944077,
      0.0015457874396816,
      0.7934917807579,
      0.0,
      0.35460990667343,
      0.27448457479477,
      0.1560283601284,
      0.6238029003143301,
      0.27121874690056,
      8.915646321839e-05,
      0.43262410163879,
      0.75780344009399,
      0.00088895100634545,
      0.9999852180481,
      0.19948111474514,
      0.49645388126373,
      0.59575617313385,
      0.94881099462509,
      0.57985413074493,
      0.87021273374558,
      0.82978719472885,
      0.7942196726799,
      0.49397143721581
    ],
    "2": [
      0.13118539750576,
      0.85106378793716,
      0.90779864788055,
      0.54580014944077,
      0.0015457874396816,
      0.47304767370224,
      0.0,
      0.61702126264572,
      0.27448457479477,
      0.1560283601284,
      0.75515061616898,
      0.63829785585403,
      0.25183442234993,
      0.61702126264572,
      0.72379469871521,
      0.021276595070958,
      0.97269207239151,
      0.10548506677151,
      0.81421053409576,
      0.59575617313385,
      0.30712622404099,
      0.39716309309006,
      0.87021273374558,
      0.82978719472885,
      0.91499894857407,
      0.18945851922035
    ],
    "3": [
      0.13118539750576,
      0.45390069484711,
      0.90779864788055,
      0.54580014944077,
      0.0015457874396816,
      0.47304767370224,
      0.0,
      0.61702126264572,
      0.27448457479477,
      0.1560283601284,
      0.75515061616898,
      0.63829785585403,
      0.25183442234993,
      0.54609924554825,
      0.72379469871521,
      0.021276595070958,
      0.97269207239151,
      0.10548506677151,
      0.46808508038521,
      0.59575617313385,
      0.30712622404099,
      0.39716309309006,
      0.87021273374558,
      0.82978719472885,
      0.91499894857407,
      0.18945851922035
    ],
    "4": [
      0.13118539750576,
      0.90538489818573,
      0.90779864788055,
      0.54580014944077,
      0.0015457874396816,
      0.7934917807579,
      0.0,
      0.90070921182632,
      0.27448457479477,
      0.1560283601284,
      0.75515061616898,
      0.63829785585403,
      8.915646321839e-05,
      0.61702126264572,
      0.72379469871521,
      0.021276595070958,
      0.79220247268677,
      0.10548506677151,
      0.81421053409576,
      0.59575617313385,
      0.94881099462509,
      0.39716309309006,
      0.87021273374558,
      0.82978719472885,
      0.70625299215317,
      0.13270333409309
    ]
  }
}
