{
  "cols": 4,
  "data": {
    "0": [
      0.0,
      0.0,
      0.0,
      0.0
    ],
    "1": [
      0.011363636702299,
      0.98870056867599,
      0.016666667535901,
      1.0
    ],
    "2": [
      0.98863637447357,
      0.97175139188766,
      0.98888891935349,
      0.97740113735199
    ],
    "3": [
      1.0,
      0.0,
      1.0,
      0.0
    ],
    "4": [
      0.9602273106575,
      0.050847455859184,
      0.12777778506279,
      0.011299435049295
    ],
    "5": [
      0.4375,
      0.022598870098591,
      0.51666665077209,
      0.0
    ],
    "6": [
      0.45454546809196,
      1.0,
      0.51666665077209,
      0.98870056867599
    ]
  }
}
