{
  "cols": 4,
  "data": {
    "0": [
      0.0,
      0.0,
      0.0,
      0.0
    ],
    "1": [
      0.99999755620956,
      1.0,
      1.0,
      1.0
    ],
    "2": [
      1.0,
      1.0,
      0.024193547666073,
      1.0
    ],
    "3": [
      0.0,
      0.0,
      0.99999755620956,
      0.0
    ],
    "4": [
      1.0,
      0.0,
      2.8600029509107e-06,
      0.0
    ]
  }
}
