{
  "cols": 4,
  "data": {
    "0": [
      0.72834157943726,
      0.99991989135742,
      0.75864446163177,
      0.99917495250702
    ],
    "1": [
      0.0,
      0.5241935253143301,
      1.0,
      0.47580644488335
    ],
    "2": [
      0.67741930484772,
      0.020080644637346,
      0.54838705062866,
      0.0
    ],
    "3": [
      1.0,
      0.49393254518509,
      3.1558520277031e-06,
      0.48387095332146
    ]
  }
}
