{
  "cols": 4,
  "data": {
    "0": [
      0.0,
      0.0,
      8.393053576583e-05,
      0.0
    ],
    "1": [
      0.0,
      0.99981051683426,
      0.0,
      0.99972802400589
    ],
    "2": [
      0.99999725818634,
      1.0,
      1.0,
      1.0
    ],
    "3": [
      1.0,
      0.0,
      1.0,
      0.0
    ]
  }
}
