{
  "cols": 4,
  "data": {
    "0": [
      0.0010289103956893,
      0.00022323544544633,
      3.021120937774e-05,
      0.00047372403787449
    ],
    "1": [
      0.0,
      0.99996227025986,
      0.0,
      0.99998939037323
    ],
    "2": [
      1.0,
      0.0049387011677027,
      1.0,
      0.0016217713709921
    ],
    "3": [
      0.9999213218689,
      0.99963444471359,
      0.999547123909,
      0.99962836503983
    ]
  }
}
