{
  "cols": 4,
  "data": {
    "0": [
      0.0,
      0.0,
      0.0,
      0.0
    ],
    "1": [
      0.0,
      1.0,
      0.0,
      1.0
    ],
    "2": [
      0.99991846084595,
      1.0,
      0.99975425004959,
      1.0
    ],
    "3": [
      1.0,
      0.0,
      1.0,
      0.0
    ]
  }
}
