{
  "cols": 3,
  "data": {
    "0": [
      0.0,
      0.0,
      2.5798522074183e-06
    ],
    "1": [
      0.0,
      1.0,
      0.0
    ],
    "2": [
      1.0,
      1.0,
      1.0
    ],
    "3": [
      1.0,
      0.0,
      1.0
    ],
    "4": [
      0.0,
      0.0,
      0.0
    ],
    "5": [
      1.0,
      0.0,
      0.98823529481888
    ],
    "6": [
      0.0,
      1.0,
      0.0
    ],
    "7": [
      0.93450635671616,
      1.0,
      1.0
    ]
  }
}
