{
  "cols": 4,
  "data": {
    "0": [
      0.92317032814026,
      0.00094878231175244,
      0.0,
      0.0
    ],
    "1": [
      0.0024193548597395,
      0.5701612830162,
      0.0,
      0.51612901687622
    ],
    "2": [
      0.48251342773438,
      0.0,
      0.51612901687622,
      0.0
    ],
    "3": [
      0.44354838132858,
      0.97579109668732,
      0.3548386991024,
      1.0
    ],
    "4": [
      1.0,
      0.55645161867142,
      1.0,
      0.50806450843811
    ],
    "5": [
      0.0,
      0.51612901687622,
      0.97580641508102,
      0.50806450843811
    ],
    "6": [
      0.98251497745514,
      0.54031962156296,
      0.0,
      0.51612901687622
    ]
  }
}
