{
  "cols": 14,
  "data": {
    "0": [
      0.38824281096458,
      0.54426378011703,
      0.14141914248466,
      0.77211391925812,
      0.0010661326814443,
      0.00029209049534984,
      0.0,
      1.0,
      0.64538842439651,
      0.0,
      0.0,
      0.0,
      5.1849115152436e-06,
      0.58156025409698
    ],
    "1": [
      0.65035462379456,
      0.43262410163879,
      0.98368793725967,
      0.77211391925812,
      0.00055106868967413,
      0.0,
      0.0,
      1.0,
      0.64538842439651,
      0.0,
      0.0,
      0.0,
      0.042553190141916,
      0.58156025409698
    ],
    "2": [
      0.65035462379456,
      0.47304800152779,
      0.43971630930901,
      0.96092194318771,
      0.00055106868967413,
      0.0,
      0.0,
      0.92979180812836,
      0.64538842439651,
      0.0,
      0.0,
      0.0,
      0.042553190141916,
      0.87943261861801
    ],
    "3": [
      0.16014498472214,
      0.36378276348114,
      0.17730495333672,
      0.93918687105179,
      0.00055106868967413,
      0.0,
      0.0,
      0.92979180812836,
      0.37593114376068,
      0.035460993647575,
      0.78297865390778,
      0.0,
      0.45347586274147,
      0.51773047447205
    ],
    "4": [
      0.65035462379456,
      0.43262410163879,
      0.98368793725967,
      0.77211391925812,
      0.00055106868967413,
      0.0,
      0.0,
      1.0,
      0.64538842439651,
      0.0,
      0.0,
      0.0,
      0.042553190141916,
      0.58156025409698
    ],
    "5": [
      0.65035462379456,
      0.47304800152779,
      0.43971630930901,
      0.96092194318771,
      0.00055106868967413,
      0.0,
      0.0,
      0.92979180812836,
      0.64538842439651,
      0.0,
      0.0,
      0.0,
      0.042553190141916,
      0.87943261861801
    ],
    "6": [
      0.16014498472214,
      0.36378276348114,
      0.17730495333672,
      0.93918687105179,
      0.00055106868967413,
      0.0,
      0.0,
      0.92979180812836,
      0.37593114376068,
      0.035460993647575,
      0.78297865390778,
      0.0,
      0.45347586274147,
      0.51773047447205
    ],
    "7": [
      0.65035462379456,
      0.43262410163879,
      0.98368793725967,
      0.77211391925812,
      0.00055106868967413,
      0.0,
      0.0,
      1.0,
      0.64538842439651,
      0.0,
      0.0,
      0.0,
      0.042553190141916,
      0.58156025409698
    ]
  }
}
