{
  "cols": 14,
  "data": {
    "0": [
      0.16870813071728,
      0.653191447258,
      0.99999994039536,
      0.53475177288055,
      1.0,
      0.37687891721725,
      1.0,
      1.0,
      0.37589597702026,
      0.21276594698429,
      0.014818400144577,
      0.0009315013885498,
      0.36480805277824,
      0.87233644723892
    ],
    "1": [
      1.0,
      1.0,
      0.94947093725204,
      0.50141841173172,
      1.0,
      0.37687891721725,
      1.0,
      1.0,
      0.37589597702026,
      0.21276594698429,
      0.014818400144577,
      0.0009315013885498,
      0.36480805277824,
      0.87233644723892
    ],
    "2": [
      1.0,
      1.0,
      0.78014183044434,
      0.97163116931915,
      0.80144745111465,
      0.80142134428024,
      1.0,
      0.9998300075531,
      0.34044247865677,
      0.30496454238892,
      0.014818400144577,
      0.0009315013885498,
      1.0307134289178e-05,
      0.576595723629
    ],
    "3": [
      1.0,
      0.86512643098831,
      0.13475176692009,
      0.96525323390961,
      1.0,
      0.37687891721725,
      1.0,
      1.0,
      0.37589597702026,
      0.21276594698429,
      0.014818400144577,
      0.0009315013885498,
      0.36480805277824,
      0.87233644723892
    ]
  }
}
