{
  "cols": 3,
  "data": {
    "0": [
      0.0028880825266242027,
      0.9926266074180603,
      0.005372505635023117
    ],
    "1": [
      0.0028880825266242027,
      0.9926266074180603,
      0.9997819066047668
    ],
    "2": [
      0.9949097037315369,
      0.9926266074180603,
      0.9874088764190674
    ],
    "3": [
      0.9949097037315369,
      0.9926266074180603,
      0.0013341773301362991
    ],
    "4": [
      0.9988347291946411,
      0.0021885717287659645,
      0.9964649081230164
    ],
    "5": [
      0.0002524014562368393,
      0.0021885717287659645,
      0.01736832782626152
    ],
    "6": [
      0.49026259779930115,
      0.48857590556144714,
      0.0009635239839553833
    ],
    "7": [
      0.49446067214012146,
      0.49332481622695923,
      0.9944599866867065
    ]
  }
}
