{
  "cols": 3,
  "data": {
    "0": [
      0.7793347835540771,
      0.22557353973388672,
      0.8350473642349243
    ],
    "1": [
      0.9959020614624023,
      0.0034067966043949127,
      0.9941032528877258
    ],
    "2": [
      0.005488358438014984,
      0.998218297958374,
      0.005729839205741882
    ],
    "3": [
      0.9980811476707458,
      0.998218297958374,
      0.998000979423523
    ],
    "4": [
      0.0025516264140605927,
      0.005591605789959431,
      0.019828353077173233
    ]
  }
}
