{
  "cols": 3,
  "data": {
    "0": [
      0.002816254273056984,
      0.9973271489143372,
      0.004595844075083733
    ],
    "1": [
      0.002816254273056984,
      0.9973271489143372,
      0.9613316059112549
    ],
    "2": [
      0.951335072517395,
      0.9973271489143372,
      0.9993233680725098
    ],
    "3": [
      0.9984911680221558,
      0.9973271489143372,
      0.0037331972271203995
    ],
    "4": [
      0.9984911680221558,
      0.005549386143684387,
      0.9963631629943848
    ],
    "5": [
      0.4097609519958496,
      0.0023692771792411804,
      0.5093736052513123
    ],
    "6": [
      0.0007030097767710686,
      0.0023692771792411804,
      0.3672655522823334
    ]
  }
}
