{
  "cols": 3,
  "data": {
    "0": [
      0.005354392342269421,
      0.0009634941816329956,
      0.010690221562981606
    ],
    "1": [
      0.005354392342269421,
      0.0009634941816329956,
      0.9938867092132568
    ],
    "2": [
      0.9958727955818176,
      0.0009634941816329956,
      0.9938867092132568
    ],
    "3": [
      0.9958727955818176,
      0.9930129647254944,
      0.9975989460945129
    ],
    "4": [
      0.005750708281993866,
      0.9930129647254944,
      0.004641607403755188
    ]
  }
}
