{
  "cols": 3,
  "data": {
    "0": [
      0.005687925964593887,
      0.9941964745521545,
      0.005345928482711315
    ],
    "1": [
      0.9953200221061707,
      0.9941964745521545,
      0.9351385831832886
    ],
    "2": [
      0.9996790885925293,
      0.007510636933147907,
      0.9931038022041321
    ],
    "3": [
      0.9996790885925293,
      0.007510636933147907,
      0.004703420214354992
    ],
    "4": [
      0.0020394129678606987,
      0.007510636933147907,
      0.027650155127048492
    ],
    "5": [
      0.0020394129678606987,
      0.007510636933147907,
      0.9985771179199219
    ]
  }
}
