{
  "cols": 3,
  "data": {
    "0": [
      0.48959824442863464,
      0.5011081695556641,
      0.4504202902317047
    ],
    "1": [
      0.0041303085163235664,
      0.9972909092903137,
      0.0039617931470274925
    ],
    "2": [
      0.0041303085163235664,
      0.9972909092903137,
      0.9613896012306213
    ],
    "3": [
      0.9080114960670471,
      0.9972909092903137,
      0.942274808883667
    ],
    "4": [
      0.9656602144241333,
      0.9972909092903137,
      0.0021778903901576996
    ],
    "5": [
      0.9637621641159058,
      0.003906932659447193,
      0.9972928166389465
    ],
    "6": [
      0.0018827272579073906,
      0.003906932659447193,
      0.018816355615854263
    ],
    "7": [
      0.0018827272579073906,
      0.003906932659447193,
      0.9952137470245361
    ]
  }
}
