{
  "cols": 3,
  "data": {
    "0": [
      0.21035826206207275,
      0.7899860143661499,
      0.29199540615081787
    ],
    "1": [
      0.42573416233062744,
      0.6733307838439941,
      0.8982744216918945
    ],
    "2": [
      0.16175341606140137,
      0.5579873323440552,
      0.4948995113372803
    ],
    "3": [
      0.6526097059249878,
      0.9386308193206787,
      0.5939948558807373
    ]
  }
}
