{
  "cols": 3,
  "data": {
    "0": [
      0.69301438331604,
      0.6028085947036743,
      0.4825078248977661
    ],
    "1": [
      0.2577735185623169,
      0.6304657459259033,
      0.004435420036315918
    ],
    "2": [
      0.9643211364746094,
      0.830375075340271,
      0.23158371448516846
    ],
    "3": [
      0.605384349822998,
      0.9142006635665894,
      0.029866337776184082
    ]
  }
}
