{
  "cols": 35,
  "data": {
    "0": [
      0.08469557762145996,
      0.17158830165863037,
      0.24179160594940186,
      0.39472293853759766,
      0.1696774959564209,
      0.8731848001480103,
      0.12859225273132324,
      0.6237457990646362,
      0.27285850048065186,
      0.8999813795089722,
      0.06894969940185547,
      0.413576602935791,
      0.03424525260925293,
      0.3396197557449341,
      0.6586568355560303,
      0.6333268880844116,
      0.989639163017273,
      0.7676534652709961,
      0.7250561714172363,
      0.6233553886413574,
      0.7863147258758545,
      0.9094686508178711,
      0.7955373525619507,
      0.1889272928237915,
      0.07487213611602783,
      0.8477494716644287,
      0.6049680709838867,
      0.24176263809204102,
      0.19546854496002197,
      0.467287540435791,
      0.9328078031539917,
      0.7563637495040894,
      0.7649739980697632,
      0.9418662786483765,
      0.36858391761779785
    ],
    "1": [
      0.5766544342041016,
      0.7767850160598755,
      0.5155261754989624,
      0.31775200366973877,
      0.33951759338378906,
      0.29245126247406006,
      0.8451571464538574,
      0.7071805000305176,
      0.9082281589508057,
      0.7546731233596802,
      0.9329031705856323,
      0.5227845907211304,
      0.07699358463287354,
      0.32346975803375244,
      0.5671283006668091,
      0.4952653646469116,
      0.15676188468933105,
      0.29176950454711914,
      0.9567378759384155,
      0.44754767417907715,
      0.8362447023391724,
      0.014156937599182129,
      0.4691965579986572,
      0.47398924827575684,
      0.7140804529190063,
      0.11579906940460205,
      0.7596876621246338,
      0.43348848819732666,
      0.8520218133926392,
      0.22987353801727295,
      0.1503380537033081,
      0.5632447004318237,
      0.7569056749343872,
      0.2494415044784546,
      0.5482436418533325
    ],
    "2": [
      0.3778589963912964,
      0.8162249326705933,
      0.13540148735046387,
      0.0912942886352539,
      0.45594966411590576,
      0.5517438650131226,
      0.1265653371810913,
      0.5724631547927856,
      0.019983887672424316,
      0.22216582298278809,
      0.9449843168258667,
      0.49479520320892334,
      0.7647311687469482,
      0.4425678253173828,
      0.0837932825088501,
      0.30025970935821533,
      0.11677122116088867,
      0.49032092094421387,
      0.09599614143371582,
      0.3557126522064209,
      0.7763873338699341,
      0.31390106678009033,
      0.662895917892456,
      0.42859184741973877,
      0.12531185150146484,
      0.2966785430908203,
      0.24311840534210205,
      0.3298835754394531,
      0.9358495473861694,
      0.6412948369979858,
      0.17539453506469727,
      0.75422203540802,
      0.3490297794342041,
      0.2623070478439331,
      0.05999493598937988
    ],
    "3": [
      0.9536738395690918,
      0.016091227531433105,
      0.10898768901824951,
      0.8943699598312378,
      0.47778868675231934,
      0.0653069019317627,
      0.7982443571090698,
      0.40300631523132324,
      0.474285364151001,
      0.7297177314758301,
      0.26297497749328613,
      0.2730196714401245,
      0.780225396156311,
      0.5439907312393188,
      0.46107053756713867,
      0.9924280643463135,
      0.05908775329589844,
      0.048573970794677734,
      0.9786893129348755,
      0.11423909664154053,
      0.05694174766540527,
      0.6404732465744019,
      0.967265248298645,
      0.9482725858688354,
      0.9114147424697876,
      0.9268908500671387,
      0.9425814151763916,
      0.8025131225585938,
      0.6410923004150391,
      0.7739773988723755,
      0.794389009475708,
      0.13155090808868408,
      0.48962223529815674,
      0.7031294107437134,
      0.9801738262176514
    ]
  }
}
