{
  "cols": 35,
  "data": {
    "0": [
      0.6070035099983215,
      0.6632800698280334,
      0.3039642572402954,
      0.5121761560440063,
      0.7573508620262146,
      0.26460960507392883,
      0.9154536724090576,
      0.3095589578151703,
      0.10381291806697845,
      0.3537869155406952,
      0.8064247369766235,
      0.253328412771225,
      0.15365298092365265,
      0.4193675220012665,
      0.30992430448532104,
      0.7207822799682617,
      0.42697736620903015,
      0.19761495292186737,
      0.011809843592345715,
      0.7437827587127686,
      0.3781004846096039,
      0.5484161376953125,
      0.41961169242858887,
      0.8968014717102051,
      0.5348386168479919,
      0.17431563138961792,
      0.4751860499382019,
      0.6358415484428406,
      0.7158236503601074,
      0.601077139377594,
      0.12928394973278046,
      0.5524800419807434,
      0.8396311402320862,
      0.16164684295654297,
      0.31037193536758423
    ],
    "1": [
      0.6070035099983215,
      0.6632800698280334,
      0.3039642572402954,
      0.5121761560440063,
      0.7573508620262146,
      0.26460960507392883,
      0.9154536724090576,
      0.3095589578151703,
      0.10381291806697845,
      0.3537869155406952,
      0.1985815465450287,
      0.253328412771225,
      0.15365298092365265,
      0.4193675220012665,
      0.30992430448532104,
      0.7207822799682617,
      0.42697736620903015,
      0.19761495292186737,
      0.011809843592345715,
      0.7437827587127686,
      0.3781004846096039,
      0.5484161376953125,
      0.41961169242858887,
      0.8968014717102051,
      0.5348386168479919,
      0.17431563138961792,
      0.4751860499382019,
      0.6358415484428406,
      0.7158236503601074,
      0.601077139377594,
      0.12928394973278046,
      0.5524800419807434,
      0.8396311402320862,
      0.16164684295654297,
      0.31037193536758423
    ],
    "2": [
      0.6070035099983215,
      0.6632800698280334,
      0.3039642572402954,
      0.5121761560440063,
      0.7573508620262146,
      0.26460960507392883,
      0.5602836608886719,
      0.39007091522216797,
      0.10381291806697845,
      0.3537869155406952,
      0.1985815465450287,
      0.253328412771225,
      0.15365298092365265,
      0.4193675220012665,
      0.30992430448532104,
      0.7207822799682617,
      0.42697736620903015,
      0.19761495292186737,
      0.011809843592345715,
      0.7437827587127686,
      0.3781004846096039,
      0.5484161376953125,
      0.41961169242858887,
      0.8968014717102051,
      0.5348386168479919,
      0.17431563138961792,
      0.4751860499382019,
      0.6358415484428406,
      0.7158236503601074,
      0.601077139377594,
      0.12928394973278046,
      0.5524800419807434,
      0.8396311402320862,
      0.16164684295654297,
      0.31037193536758423
    ],
    "3": [
      0.1489361673593521,
      0.554170548915863,
      0.3039642572402954,
      0.5121761560440063,
      0.7573508620262146,
      0.26460960507392883,
      0.5602836608886719,
      0.39007091522216797,
      0.10381291806697845,
      0.3537869155406952,
      0.8352915048599243,
      0.253328412771225,
      0.15365298092365265,
      1.0,
      0.8643677830696106,
      0.7207822799682617,
      0.42697736620903015,
      0.19761495292186737,
      0.011809843592345715,
      0.7437827587127686,
      0.3781004846096039,
      0.5484161376953125,
      0.41961169242858887,
      0.8968014717102051,
      0.5348386168479919,
      0.17431563138961792,
      0.4751860499382019,
      0.6358415484428406,
      0.7158236503601074,
      0.601077139377594,
      0.12928394973278046,
      0.5524800419807434,
      0.8396311402320862,
      0.16164684295654297,
      0.31037193536758423
    ],
    "4": [
      0.1489361673593521,
      0.554170548915863,
      0.3039642572402954,
      0.5121761560440063,
      0.7573508620262146,
      0.08510638028383255,
      0.5602836608886719,
      0.39007091522216797,
      0.10381291806697845,
      0.3537869155406952,
      0.8352915048599243,
      0.253328412771225,
      0.15365298092365265,
      1.0,
      0.8643677830696106,
      0.7207822799682617,
      0.42697736620903015,
      0.19761495292186737,
      0.011809843592345715,
      0.7437827587127686,
      0.3781004846096039,
      0.5484161376953125,
      0.41961169242858887,
      0.8968014717102051,
      0.5348386168479919,
      0.17431563138961792,
      0.4751860499382019,
      0.6358415484428406,
      0.7158236503601074,
      0.601077139377594,
      0.37581247091293335,
      0.39007091522216797,
      0.3573889434337616,
      0.7774181365966797,
      0.9012184143066406
    ]
  }
}
