{
  "cols": 35,
  "data": {
    "0": [
      0.5102432370185852,
      0.9998096227645874,
      0.3046164810657501,
      0.3316875994205475,
      0.9979369640350342,
      0.8148919343948364,
      0.9969285130500793,
      0.36025744676589966,
      0.990501880645752,
      0.7965351343154907,
      0.7960442900657654,
      0.4526258707046509,
      0.30673232674598694,
      0.2868260145187378,
      0.3090825378894806,
      0.9766463041305542,
      0.7062706351280212,
      0.9948564171791077,
      0.5283151865005493,
      0.13710319995880127,
      0.473702073097229,
      0.03126289322972298,
      0.23573829233646393,
      0.07029761373996735,
      0.9997989535331726,
      0.004686996340751648,
      0.9570820331573486,
      0.13226160407066345,
      0.00463181734085083,
      0.06465047597885132,
      0.8360416293144226,
      0.947205662727356,
      0.047382891178131104,
      0.018573351204395294,
      0.9377200603485107
    ],
    "1": [
      0.5102432370185852,
      0.9998096227645874,
      0.3046164810657501,
      0.3316875994205475,
      0.9979369640350342,
      0.8148919343948364,
      0.9969285130500793,
      0.36025744676589966,
      0.990501880645752,
      0.7965351343154907,
      0.7960442900657654,
      0.4526258707046509,
      0.30673232674598694,
      1.0,
      1.0,
      0.36781319975852966,
      0.7062706351280212,
      0.9948564171791077,
      0.5283151865005493,
      0.6603843569755554,
      0.8345507383346558,
      0.03126289322972298,
      0.23573829233646393,
      0.07029761373996735,
      0.2624198794364929,
      0.004686996340751648,
      0.9570820331573486,
      0.3648855686187744,
      0.4733034074306488,
      0.6595744490623474,
      0.41786429286003113,
      0.7742307186126709,
      0.047382891178131104,
      0.018573351204395294,
      0.6507766842842102
    ],
    "2": [
      0.5102432370185852,
      0.9998096227645874,
      0.3046164810657501,
      0.3316875994205475,
      0.9979369640350342,
      0.8148919343948364,
      0.7943261861801147,
      0.36025744676589966,
      0.990501880645752,
      0.7965351343154907,
      0.7960442900657654,
      0.4526258707046509,
      0.30673232674598694,
      1.0,
      1.0,
      0.36781319975852966,
      0.7062706351280212,
      0.9948564171791077,
      0.5283151865005493,
      0.6603843569755554,
      0.8345507383346558,
      0.03126289322972298,
      0.23573829233646393,
      0.07029761373996735,
      0.2624198794364929,
      0.004686996340751648,
      0.9570820331573486,
      0.3648855686187744,
      0.4733034074306488,
      0.6595744490623474,
      0.41786429286003113,
      0.7742307186126709,
      0.047382891178131104,
      0.018573351204395294,
      0.6507766842842102
    ],
    "3": [
      0.5102432370185852,
      0.9998096227645874,
      0.3046164810657501,
      0.3316875994205475,
      0.9979369640350342,
      0.8148919343948364,
      0.7943261861801147,
      0.36025744676589966,
      0.7021276354789734,
      0.7965351343154907,
      0.7960442900657654,
      0.4526258707046509,
      0.30673232674598694,
      1.0,
      1.0,
      0.36781319975852966,
      0.7062706351280212,
      0.9948564171791077,
      0.5283151865005493,
      0.6603843569755554,
      0.8345507383346558,
      0.03126289322972298,
      0.23573829233646393,
      0.07029761373996735,
      0.2624198794364929,
      0.004686996340751648,
      0.9570820331573486,
      0.3648855686187744,
      0.4733034074306488,
      0.6595744490623474,
      0.41786429286003113,
      0.7742307186126709,
      0.047382891178131104,
      0.018573351204395294,
      0.6507766842842102
    ],
    "4": [
      0.5102432370185852,
      0.9998096227645874,
      0.0,
      0.0,
      0.9979369640350342,
      0.8148919343948364,
      0.7943261861801147,
      0.36025744676589966,
      0.7021276354789734,
      0.7965351343154907,
      0.7960442900657654,
      0.4526258707046509,
      0.30673232674598694,
      1.0,
      1.0,
      0.36781319975852966,
      0.7062706351280212,
      0.9948564171791077,
      0.5283151865005493,
      0.6603843569755554,
      0.8345507383346558,
      0.03126289322972298,
      0.23573829233646393,
      0.07029761373996735,
      0.2624198794364929,
      0.004686996340751648,
      0.9570820331573486,
      0.3648855686187744,
      0.4733034074306488,
      0.6595744490623474,
      0.41786429286003113,
      0.7742307186126709,
      0.047382891178131104,
      0.018573351204395294,
      0.6507766842842102
    ],
    "5": [
      0.3191489279270172,
      0.2198462188243866,
      0.0,
      0.0,
      0.036806371062994,
      0.8148919343948364,
      0.7943261861801147,
      0.36025744676589966,
      0.7021276354789734,
      0.7965351343154907,
      0.7960442900657654,
      0.4526258707046509,
      0.30673232674598694,
      1.0,
      1.0,
      0.36781319975852966,
      0.7062706351280212,
      0.9948564171791077,
      0.5283151865005493,
      0.6603843569755554,
      0.8345507383346558,
      0.03126289322972298,
      0.23573829233646393,
      0.07029761373996735,
      0.2624198794364929,
      0.004686996340751648,
      0.9570820331573486,
      0.3648855686187744,
      0.4733034074306488,
      0.6595744490623474,
      0.41786429286003113,
      0.7742307186126709,
      0.047382891178131104,
      0.018573351204395294,
      0.6507766842842102
    ],
    "6": [
      0.3191489279270172,
      0.2198462188243866,
      0.0,
      0.0,
      0.0,
      0.8013703227043152,
      0.7943261861801147,
      0.27689284086227417,
      0.7021276354789734,
      0.7965351343154907,
      0.326241135597229,
      0.4526258707046509,
      0.30673232674598694,
      1.0,
      1.0,
      0.36781319975852966,
      0.7062706351280212,
      0.9998664855957031,
      0.5283151865005493,
      0.21986259520053864,
      0.255322128534317,
      0.9503545761108398,
      0.23573829233646393,
      0.07029761373996735,
      0.2624198794364929,
      0.004686996340751648,
      0.9570820331573486,
      0.3648855686187744,
      0.4733034074306488,
      0.6595744490623474,
      0.41786429286003113,
      0.7742307186126709,
      0.047382891178131104,
      0.018573351204395294,
      0.6507766842842102
    ]
  }
}
