{
  "cols": 35,
  "data": {
    "0": [
      0.8241819143295288,
      0.16150832176208496,
      0.014404975809156895,
      0.9808782339096069,
      0.9947724938392639,
      0.5421592593193054,
      0.8440592885017395,
      0.8407480120658875,
      0.14799188077449799,
      0.3853680193424225,
      0.2787185311317444,
      0.7189388871192932,
      0.6329432129859924,
      0.8782808780670166,
      0.9894179105758667,
      0.015416176058351994,
      0.997014582157135,
      0.041185412555933,
      0.9599447250366211,
      0.1222672089934349,
      0.06706951558589935,
      0.9991778135299683,
      0.7902005314826965,
      0.48801249265670776,
      0.7227104306221008,
      0.9583576917648315,
      0.3422234058380127,
      0.9980134963989258,
      0.25744637846946716,
      0.008903809823095798,
      0.9513353705406189,
      0.7790846824645996,
      0.18785421550273895,
      0.010531154461205006,
      0.6782770752906799
    ],
    "1": [
      0.8241819143295288,
      0.16150832176208496,
      0.3829787075519562,
      0.9808782339096069,
      0.9526718258857727,
      0.5421592593193054,
      0.304964542388916,
      1.0,
      0.14799188077449799,
      0.3853680193424225,
      0.2787185311317444,
      0.7189388871192932,
      0.6329432129859924,
      0.8782808780670166,
      0.9894179105758667,
      0.015416176058351994,
      0.997014582157135,
      0.041185412555933,
      0.9599447250366211,
      0.1222672089934349,
      0.06706951558589935,
      0.9991778135299683,
      0.7902005314826965,
      0.48801249265670776,
      0.7227104306221008,
      0.9583576917648315,
      0.3422234058380127,
      0.9980134963989258,
      0.25744637846946716,
      0.008903809823095798,
      0.9513353705406189,
      0.7790846824645996,
      0.18785421550273895,
      0.010531154461205006,
      0.6782770752906799
    ],
    "2": [
      0.22832369804382324,
      0.7454031705856323,
      0.3041430711746216,
      0.7464879751205444,
      0.47323012351989746,
      0.5876376628875732,
      0.8424969911575317,
      0.9358581304550171,
      0.9053436517715454,
      0.009505987167358398,
      0.7054568529129028,
      0.29418766498565674,
      0.008879780769348145,
      0.6009660959243774,
      0.6851941347122192,
      0.06387948989868164,
      0.5369197130203247,
      0.8138166666030884,
      0.9397296905517578,
      0.5586754083633423,
      0.593769907951355,
      0.8269567489624023,
      0.8219958543777466,
      0.6343538761138916,
      0.2133423089981079,
      0.38347554206848145,
      0.8007988929748535,
      0.6576114892959595,
      0.6561568975448608,
      0.25138628482818604,
      0.6256777048110962,
      0.5330466032028198,
      0.276076078414917,
      0.38772058486938477,
      0.4830430746078491
    ],
    "3": [
      0.05673758685588837,
      0.7454031705856323,
      0.3041430711746216,
      0.7464879751205444,
      0.47323012351989746,
      0.5876376628875732,
      0.8424969911575317,
      0.9358581304550171,
      0.4751772880554199,
      0.009505987167358398,
      0.7232888340950012,
      0.29418766498565674,
      0.008879780769348145,
      0.6009660959243774,
      0.6851941347122192,
      0.06387948989868164,
      0.5369197130203247,
      0.8138166666030884,
      0.9397296905517578,
      0.5586754083633423,
      0.593769907951355,
      0.8269567489624023,
      0.8219958543777466,
      0.6343538761138916,
      0.2133423089981079,
      0.38347554206848145,
      0.8007988929748535,
      0.6576114892959595,
      0.6561568975448608,
      0.25138628482818604,
      0.6256777048110962,
      0.5330466032028198,
      0.276076078414917,
      0.38772058486938477,
      0.4830430746078491
    ],
    "4": [
      0.6891195774078369,
      0.19816339015960693,
      0.6468552350997925,
      0.8910069465637207,
      0.4144573211669922,
      0.6914432048797607,
      0.5860574245452881,
      0.8935775756835938,
      0.6596397161483765,
      0.87453293800354,
      0.5452884435653687,
      0.5485481023788452,
      0.10352802276611328,
      0.7937058210372925,
      0.6354303359985352,
      0.05503702163696289,
      0.2317138910293579,
      0.8579497337341309,
      0.6651644706726074,
      0.24815154075622559,
      0.11610269546508789,
      0.7891067266464233,
      0.7267516851425171,
      0.615523099899292,
      0.1215357780456543,
      0.028801798820495605,
      0.9261488914489746,
      0.680889368057251,
      0.27358996868133545,
      0.9973732233047485,
      0.24326419830322266,
      0.28193187713623047,
      0.6484600305557251,
      0.08492279052734375,
      0.02383577823638916
    ],
    "5": [
      0.6891195774078369,
      0.19816339015960693,
      0.6468552350997925,
      0.8910069465637207,
      0.4144573211669922,
      0.6914432048797607,
      0.4822694957256317,
      0.695035457611084,
      0.6596397161483765,
      0.87453293800354,
      0.5452884435653687,
      0.5485481023788452,
      0.10352802276611328,
      0.7937058210372925,
      0.6354303359985352,
      0.05503702163696289,
      0.2317138910293579,
      0.8579497337341309,
      0.6651644706726074,
      0.24815154075622559,
      0.11610269546508789,
      0.7891067266464233,
      0.7267516851425171,
      0.615523099899292,
      0.1215357780456543,
      0.028801798820495605,
      0.9261488914489746,
      0.680889368057251,
      0.27358996868133545,
      0.9973732233047485,
      0.24326419830322266,
      0.28193187713623047,
      0.6484600305557251,
      0.08492279052734375,
      0.02383577823638916
    ]
  }
}
