{
  "cols": 35,
  "data": {
    "0": [
      0.5825850963592529,
      0.9799712896347046,
      0.5032738447189331,
      0.5492494106292725,
      0.9539659023284912,
      0.7367883920669556,
      0.6410375833511353,
      0.58253014087677,
      0.6209429502487183,
      0.7092726230621338,
      0.9608583450317383,
      0.5016030073165894,
      0.22007203102111816,
      0.5225011110305786,
      0.4516338109970093,
      0.47944748401641846,
      0.7146719694137573,
      0.44484150409698486,
      0.2285168170928955,
      0.794475793838501,
      0.2616555690765381,
      0.9398719072341919,
      0.06844282150268555,
      0.1295161247253418,
      0.8656898736953735,
      0.35466182231903076,
      0.8639364242553711,
      0.2391519546508789,
      0.0772864818572998,
      0.5676265954971313,
      0.4782463312149048,
      0.4241729974746704,
      0.9193053245544434,
      0.13850390911102295,
      0.8686920404434204
    ],
    "1": [
      0.9066585302352905,
      0.7360309362411499,
      0.6229389905929565,
      0.9172639846801758,
      0.7929466962814331,
      0.06324458122253418,
      0.10660672187805176,
      0.20687568187713623,
      0.9969011545181274,
      0.12673890590667725,
      0.3695864677429199,
      0.734907865524292,
      0.9162800312042236,
      0.4352703094482422,
      0.11689996719360352,
      0.10154461860656738,
      0.8309234380722046,
      0.6880176067352295,
      0.11922788619995117,
      0.6159986257553101,
      0.28895580768585205,
      0.1908963918685913,
      0.36731207370758057,
      0.4500696659088135,
      0.5479439496994019,
      0.7120823860168457,
      0.00957489013671875,
      0.16625165939331055,
      0.1128464937210083,
      0.4396243095397949,
      0.5325814485549927,
      0.47807419300079346,
      0.6218127012252808,
      0.8288037776947021,
      0.8888914585113525
    ],
    "2": [
      0.3375018835067749,
      0.6535855531692505,
      0.23613297939300537,
      0.6678221225738525,
      0.041237711906433105,
      0.13978207111358643,
      0.02621006965637207,
      0.18569207191467285,
      0.3820216655731201,
      0.5697215795516968,
      0.4407232999801636,
      0.9869962930679321,
      0.7297524213790894,
      0.9487824440002441,
      0.16159272193908691,
      0.020404458045959473,
      0.6929128170013428,
      0.7289025783538818,
      0.9946818351745605,
      0.7338672876358032,
      0.8254913091659546,
      0.6801519393920898,
      0.6765232086181641,
      0.27038145065307617,
      0.4874439239501953,
      0.345694899559021,
      0.8085207939147949,
      0.6247870922088623,
      0.529168963432312,
      0.5376137495040894,
      0.9082272052764893,
      0.610076904296875,
      0.5536110401153564,
      0.476499080657959,
      0.9513528347015381
    ],
    "3": [
      0.004144906997680664,
      0.45404052734375,
      0.693172812461853,
      0.6322306394577026,
      0.8164832592010498,
      0.774455189704895,
      0.9740073680877686,
      0.7988300323486328,
      0.33357346057891846,
      0.05808591842651367,
      0.9154046773910522,
      0.6168643236160278,
      0.23587727546691895,
      0.8202422857284546,
      0.9542522430419922,
      0.8549144268035889,
      0.20912575721740723,
      0.8491514921188354,
      0.9162251949310303,
      0.8419873714447021,
      0.8408991098403931,
      0.7488532066345215,
      0.8192756175994873,
      0.5191308259963989,
      0.851894736289978,
      0.27473723888397217,
      0.38654541969299316,
      0.5284569263458252,
      0.8723064661026001,
      0.023038864135742188,
      0.5616328716278076,
      0.4492682218551636,
      0.5583633184432983,
      0.19858002662658691,
      0.2882882356643677
    ]
  }
}
