{
  "cols": 35,
  "data": {
    "0": [
      0.5195828676223755,
      0.8300243616104126,
      0.28369107842445374,
      0.7393731474876404,
      0.5321931838989258,
      0.9783487319946289,
      0.8551488518714905,
      0.9692440032958984,
      0.954024612903595,
      0.8989651203155518,
      0.9713308215141296,
      0.029433920979499817,
      0.9032927751541138,
      0.8253704905509949,
      0.9927575588226318,
      0.6872565150260925,
      0.07180144637823105,
      0.11319854110479355,
      0.6492258906364441,
      0.7233155965805054,
      0.476937860250473,
      0.5965262651443481,
      0.329881489276886,
      0.8591567277908325,
      0.41979214549064636,
      0.523472249507904,
      0.38699206709861755,
      0.4059014320373535,
      0.6230065822601318,
      0.9988418221473694,
      0.03646033629775047,
      0.16825558245182037,
      0.2644551992416382,
      0.471039742231369,
      0.03343837708234787
    ],
    "1": [
      0.5359621047973633,
      0.8510677814483643,
      0.2540220618247986,
      0.7404083609580994,
      0.5351433753967285,
      0.9849048256874084,
      0.8703183531761169,
      0.9769366979598999,
      0.9639042615890503,
      0.9214479327201843,
      0.9788497090339661,
      0.020731158554553986,
      0.9223816990852356,
      0.8445723652839661,
      0.9959971904754639,
      0.6960213780403137,
      0.0566694550216198,
      0.09287242591381073,
      0.6572917699813843,
      0.739475667476654,
      0.48612090945243835,
      0.5842674970626831,
      0.30619022250175476,
      0.8828561305999756,
      0.41208264231681824,
      0.5499931573867798,
      0.37551724910736084,
      0.40209800004959106,
      0.6597833037376404,
      0.999451220035553,
      0.027202654629945755,
      0.14560990035533905,
      0.26298826932907104,
      0.4909457862377167,
      0.024421175941824913
    ],
    "2": [
      0.5359621047973633,
      0.8510677814483643,
      0.2540220618247986,
      0.7404083609580994,
      0.5351433753967285,
      0.9849048256874084,
      0.8703183531761169,
      0.021276595070958138,
      0.06382978707551956,
      1.0,
      0.9788497090339661,
      0.020731158554553986,
      0.9223816990852356,
      0.8445723652839661,
      0.9959971904754639,
      0.6960213780403137,
      0.0566694550216198,
      0.09287242591381073,
      0.6572917699813843,
      0.739475667476654,
      0.48612090945243835,
      0.5842674970626831,
      0.30619022250175476,
      0.8828561305999756,
      0.41208264231681824,
      0.5499931573867798,
      0.37551724910736084,
      0.40209800004959106,
      0.6597833037376404,
      0.999451220035553,
      0.027202654629945755,
      0.14560990035533905,
      0.26298826932907104,
      0.4909457862377167,
      0.024421175941824913
    ],
    "3": [
      0.07801418006420135,
      0.41633960604667664,
      0.08299653232097626,
      0.33819854259490967,
      0.3475823700428009,
      0.4974285066127777,
      0.8703183531761169,
      0.021276595070958138,
      0.06382978707551956,
      1.0,
      0.9788497090339661,
      0.020731158554553986,
      0.9223816990852356,
      0.8445723652839661,
      0.9959971904754639,
      0.6960213780403137,
      0.0566694550216198,
      0.09287242591381073,
      0.6572917699813843,
      0.739475667476654,
      0.48612090945243835,
      0.5842674970626831,
      0.30619022250175476,
      0.8828561305999756,
      0.41208264231681824,
      0.5499931573867798,
      0.37551724910736084,
      0.40209800004959106,
      0.6597833037376404,
      0.999451220035553,
      0.027202654629945755,
      0.14560990035533905,
      0.26298826932907104,
      0.4909457862377167,
      0.024421175941824913
    ],
    "4": [
      0.6453759670257568,
      0.7162995934486389,
      0.7370508313179016,
      0.43647387623786926,
      0.41912898421287537,
      0.36100509762763977,
      0.7021177411079407,
      0.9692440032958984,
      0.6382978558540344,
      0.8989651203155518,
      0.6759738922119141,
      0.029433920979499817,
      0.9032927751541138,
      0.8253704905509949,
      0.9927575588226318,
      0.6872565150260925,
      0.07180144637823105,
      0.11319854110479355,
      0.6492258906364441,
      0.7233155965805054,
      0.476937860250473,
      0.5965262651443481,
      0.329881489276886,
      0.8591567277908325,
      0.41979214549064636,
      0.523472249507904,
      0.38699206709861755,
      0.4059014320373535,
      0.6230065822601318,
      0.9988418221473694,
      0.03646033629775047,
      0.16825558245182037,
      0.2644551992416382,
      0.471039742231369,
      0.03343837708234787
    ]
  }
}
