{
  "cols": 35,
  "data": {
    "0": [
      0.003387877717614174,
      0.19894102215766907,
      0.42659851908683777,
      0.0899948701262474,
      0.32746976613998413,
      0.4469166100025177,
      0.6365470886230469,
      0.40996697545051575,
      0.4151674211025238,
      0.6350384950637817,
      0.5149734616279602,
      0.9368860721588135,
      0.12762707471847534,
      0.2802758514881134,
      0.3088904917240143,
      0.19970768690109253,
      0.2771844267845154,
      0.927079439163208,
      0.26628103852272034,
      0.6836098432540894,
      0.8132005333900452,
      0.6863185167312622,
      0.423836350440979,
      0.6936396360397339,
      0.7355293035507202,
      0.8192108273506165,
      0.056330595165491104,
      0.05635273456573486,
      0.6592232584953308,
      0.8952784538269043,
      0.8721856474876404,
      0.8204973340034485,
      0.9273397326469421,
      0.05195067077875137,
      0.07384628057479858
    ],
    "1": [
      0.010040177032351494,
      0.07818172872066498,
      0.30821627378463745,
      0.06325256079435349,
      0.548273503780365,
      0.5574390888214111,
      0.8569654822349548,
      0.3677319884300232,
      0.44583430886268616,
      0.6716721653938293,
      0.5078363418579102,
      0.9007624387741089,
      0.10246125608682632,
      0.15101738274097443,
      0.12065768986940384,
      0.12198172509670258,
      0.25859251618385315,
      0.9410492181777954,
      0.39247381687164307,
      0.5545603036880493,
      0.8921941518783569,
      0.6349307894706726,
      0.44352972507476807,
      0.7513791918754578,
      0.8677565455436707,
      0.8525761365890503,
      0.0298924520611763,
      0.02779017947614193,
      0.6857573390007019,
      0.7781917452812195,
      0.8445362448692322,
      0.7354853749275208,
      0.9196982383728027,
      0.09830211102962494,
      0.05482485890388489
    ],
    "2": [
      0.3758792281150818,
      0.5294986367225647,
      0.7026163935661316,
      0.7303465604782104,
      0.8723403811454773,
      0.4751772880554199,
      0.7801418304443359,
      0.9999999403953552,
      0.7162753939628601,
      0.9396599531173706,
      0.5078363418579102,
      0.9007624387741089,
      0.10246125608682632,
      0.15101738274097443,
      0.12065768986940384,
      0.12198172509670258,
      0.25859251618385315,
      0.9410492181777954,
      0.39247381687164307,
      0.5545603036880493,
      0.8921941518783569,
      0.6349307894706726,
      0.44352972507476807,
      0.7513791918754578,
      0.8677565455436707,
      0.8525761365890503,
      0.0298924520611763,
      0.02779017947614193,
      0.6857573390007019,
      0.7781917452812195,
      0.8445362448692322,
      0.7354853749275208,
      0.9196982383728027,
      0.09830211102962494,
      0.05482485890388489
    ],
    "3": [
      0.3758792281150818,
      0.5294986367225647,
      0.7026163935661316,
      0.7303465604782104,
      0.8723403811454773,
      0.4751772880554199,
      0.7801418304443359,
      0.9999999403953552,
      0.4822694957256317,
      0.567375898361206,
      0.5078363418579102,
      0.9007624387741089,
      0.10246125608682632,
      0.15101738274097443,
      0.12065768986940384,
      0.12198172509670258,
      0.25859251618385315,
      0.9410492181777954,
      0.39247381687164307,
      0.5545603036880493,
      0.8921941518783569,
      0.6349307894706726,
      0.44352972507476807,
      0.7513791918754578,
      0.8677565455436707,
      0.8525761365890503,
      0.0298924520611763,
      0.02779017947614193,
      0.6857573390007019,
      0.7781917452812195,
      0.8445362448692322,
      0.7354853749275208,
      0.9196982383728027,
      0.09830211102962494,
      0.05482485890388489
    ],
    "4": [
      0.16096830368041992,
      0.5041358470916748,
      0.7528969049453735,
      0.7731980085372925,
      0.49323999881744385,
      0.45902299880981445,
      1.0,
      1.0,
      0.9106631278991699,
      0.3711087703704834,
      0.457058310508728,
      0.04228615760803223,
      0.7824534177780151,
      0.804458498954773,
      0.841201901435852,
      0.43964946269989014,
      0.8520833253860474,
      0.6938247680664063,
      0.8630573749542236,
      0.3555790185928345,
      0.21857142448425293,
      0.8943133354187012,
      0.21901869773864746,
      0.6154083013534546,
      0.20887160301208496,
      0.7019522190093994,
      0.37782585620880127,
      0.4296046495437622,
      0.9082614183425903,
      0.2271021604537964,
      0.3483022451400757,
      0.5298712253570557,
      0.9942017793655396,
      0.7393728494644165,
      0.5616499185562134
    ],
    "5": [
      0.011243581771850586,
      0.8509979248046875,
      0.7033385038375854,
      0.9256216287612915,
      0.2929561138153076,
      0.14113950729370117,
      0.6355404853820801,
      0.20134294033050537,
      0.40965354442596436,
      0.5364835262298584,
      0.16152095794677734,
      0.4111267328262329,
      0.2639186382293701,
      0.9681373834609985,
      0.7090839147567749,
      0.1575859785079956,
      0.618186354637146,
      0.4752455949783325,
      0.14790189266204834,
      0.3596559762954712,
      0.660679817199707,
      0.921144962310791,
      0.3642779588699341,
      0.2105417251586914,
      0.23086166381835938,
      0.554833173751831,
      0.07976949214935303,
      0.5030251741409302,
      0.6798862218856812,
      0.9291446208953857,
      0.7056447267532349,
      0.9967535734176636,
      0.7828067541122437,
      0.5836085081100464,
      0.99718177318573
    ],
    "6": [
      0.3758792281150818,
      0.5294986367225647,
      0.7026163935661316,
      0.7303465604782104,
      0.3120567202568054,
      0.4751772880554199,
      0.7801418304443359,
      0.9574467539787292,
      0.8368794322013855,
      0.567375898361206,
      0.5078363418579102,
      0.9007624387741089,
      0.10246125608682632,
      0.15101738274097443,
      0.12065768986940384,
      0.12198172509670258,
      0.25859251618385315,
      0.9410492181777954,
      0.39247381687164307,
      0.5545603036880493,
      0.8921941518783569,
      0.6349307894706726,
      0.44352972507476807,
      0.7513791918754578,
      0.8677565455436707,
      0.8525761365890503,
      0.0298924520611763,
      0.02779017947614193,
      0.6857573390007019,
      0.7781917452812195,
      0.8445362448692322,
      0.7354853749275208,
      0.9196982383728027,
      0.09830211102962494,
      0.05482485890388489
    ],
    "7": [
      0.3296414017677307,
      0.5294986367225647,
      0.7026163935661316,
      0.7303465604782104,
      0.6929078102111816,
      0.4751772880554199,
      0.7801418304443359,
      0.9574467539787292,
      0.8368794322013855,
      0.567375898361206,
      0.5078363418579102,
      0.9007624387741089,
      0.10246125608682632,
      0.15101738274097443,
      0.12065768986940384,
      0.12198172509670258,
      0.25859251618385315,
      0.9410492181777954,
      0.39247381687164307,
      0.5545603036880493,
      0.8921941518783569,
      0.6349307894706726,
      0.44352972507476807,
      0.7513791918754578,
      0.8677565455436707,
      0.8525761365890503,
      0.0298924520611763,
      0.02779017947614193,
      0.6857573390007019,
      0.7781917452812195,
      0.8445362448692322,
      0.7354853749275208,
      0.9196982383728027,
      0.09830211102962494,
      0.05482485890388489
    ]
  }
}
