{
  "cols": 35,
  "data": {
    "0": [
      0.5553643107414246,
      0.9294403195381165,
      0.4579700827598572,
      0.7401366233825684,
      0.8431150913238525,
      0.19877353310585022,
      0.5505911707878113,
      0.9300180673599243,
      0.6763687133789063,
      0.20390793681144714,
      0.22606906294822693,
      0.43006631731987,
      0.7472192645072937,
      0.9849660396575928,
      0.6999942660331726,
      0.5992186665534973,
      0.669815182685852,
      0.46582359075546265,
      0.7912891507148743,
      0.0979011133313179,
      0.6311689019203186,
      0.048060253262519836,
      0.07169674336910248,
      0.5662488341331482,
      0.644620954990387,
      0.03367719054222107,
      0.3071441650390625,
      0.5490930080413818,
      0.30194950103759766,
      0.18296164274215698,
      0.9103562831878662,
      0.7453164458274841,
      0.13667520880699158,
      0.4031427204608917,
      0.045318521559238434
    ],
    "1": [
      0.8306450843811035,
      2.6649286155588925e-06,
      1.0945895155600738e-05,
      6.449571628763806e-06,
      0.1542288064956665,
      0.32821744680404663,
      0.39007091522216797,
      0.9300180673599243,
      0.6763687133789063,
      0.20390793681144714,
      0.15599757432937622,
      0.5312845706939697,
      0.7472192645072937,
      0.9849660396575928,
      0.6999942660331726,
      0.5992186665534973,
      0.669815182685852,
      0.46582359075546265,
      0.7912891507148743,
      0.0979011133313179,
      0.6311689019203186,
      0.048060253262519836,
      0.07169674336910248,
      0.5662488341331482,
      0.644620954990387,
      0.03367719054222107,
      0.3071441650390625,
      0.5490930080413818,
      0.5902604460716248,
      0.7659477591514587,
      0.3895021975040436,
      0.15124770998954773,
      0.9005515575408936,
      0.4031427204608917,
      0.845674455165863
    ],
    "2": [
      0.8306450843811035,
      0.00010421698971185833,
      0.0,
      0.0,
      0.4161357879638672,
      1.0,
      0.7758361101150513,
      0.9300180673599243,
      0.999481737613678,
      0.20390793681144714,
      0.9886047840118408,
      0.5312845706939697,
      0.7472192645072937,
      0.9849660396575928,
      0.6999942660331726,
      0.5992186665534973,
      0.669815182685852,
      0.46582359075546265,
      0.7912891507148743,
      0.0979011133313179,
      0.6311689019203186,
      0.048060253262519836,
      0.07169674336910248,
      0.5662488341331482,
      0.644620954990387,
      0.03367719054222107,
      0.3071441650390625,
      0.5490930080413818,
      0.5902604460716248,
      0.7659477591514587,
      0.3895021975040436,
      0.15124770998954773,
      0.9005515575408936,
      0.4031427204608917,
      0.845674455165863
    ],
    "3": [
      0.18439435958862305,
      1.0,
      1.0,
      1.0,
      0.4161357879638672,
      1.0,
      0.7758361101150513,
      0.9300180673599243,
      0.999481737613678,
      0.20390793681144714,
      0.9886047840118408,
      0.5312845706939697,
      0.7472192645072937,
      0.9849660396575928,
      0.6999942660331726,
      0.5992186665534973,
      0.669815182685852,
      0.46582359075546265,
      0.7912891507148743,
      0.0979011133313179,
      0.6311689019203186,
      0.048060253262519836,
      0.07169674336910248,
      0.5662488341331482,
      0.644620954990387,
      0.03367719054222107,
      0.3071441650390625,
      0.5490930080413818,
      0.5902604460716248,
      0.7659477591514587,
      0.3895021975040436,
      0.15124770998954773,
      0.9005515575408936,
      0.4031427204608917,
      0.845674455165863
    ],
    "4": [
      0.18439435958862305,
      1.0,
      1.0,
      1.0,
      0.4161357879638672,
      1.0,
      0.6170212626457214,
      0.8368794322013855,
      0.999481737613678,
      0.20390793681144714,
      0.9886047840118408,
      0.5312845706939697,
      0.7472192645072937,
      0.9849660396575928,
      0.6999942660331726,
      0.5992186665534973,
      0.669815182685852,
      0.46582359075546265,
      0.7912891507148743,
      0.0979011133313179,
      0.6311689019203186,
      0.048060253262519836,
      0.07169674336910248,
      0.5662488341331482,
      0.644620954990387,
      0.03367719054222107,
      0.3071441650390625,
      0.5490930080413818,
      0.5902604460716248,
      0.7659477591514587,
      0.3895021975040436,
      0.15124770998954773,
      0.9005515575408936,
      0.4031427204608917,
      0.845674455165863
    ],
    "5": [
      0.21192586421966553,
      0.7958595752716064,
      0.6237281560897827,
      0.8470332622528076,
      0.6773171424865723,
      0.8279913663864136,
      0.8566316366195679,
      0.619927167892456,
      0.7820013761520386,
      0.7572373151779175,
      0.860600471496582,
      0.2659412622451782,
      0.1467036008834839,
      0.23172235488891602,
      0.1268082857131958,
      0.6936725378036499,
      0.5348793268203735,
      0.10718917846679688,
      0.12706971168518066,
      0.3699396848678589,
      0.0001499652862548828,
      0.25596070289611816,
      0.0024971961975097656,
      0.03397083282470703,
      0.11683404445648193,
      0.9729864597320557,
      0.06923294067382813,
      0.18633782863616943,
      0.5515114068984985,
      0.44297564029693604,
      0.9422957897186279,
      0.6302404403686523,
      0.4463784694671631,
      0.1072695255279541,
      0.022955656051635742
    ],
    "6": [
      0.21192586421966553,
      0.7958595752716064,
      0.6237281560897827,
      0.8470332622528076,
      0.6773171424865723,
      0.8279913663864136,
      0.8566316366195679,
      0.619927167892456,
      0.26241132616996765,
      0.7572373151779175,
      0.860600471496582,
      0.2659412622451782,
      0.1467036008834839,
      0.23172235488891602,
      0.1268082857131958,
      0.6936725378036499,
      0.5348793268203735,
      0.10718917846679688,
      0.12706971168518066,
      0.3699396848678589,
      0.0001499652862548828,
      0.25596070289611816,
      0.0024971961975097656,
      0.03397083282470703,
      0.11683404445648193,
      0.9729864597320557,
      0.06923294067382813,
      0.18633782863616943,
      0.5515114068984985,
      0.44297564029693604,
      0.9422957897186279,
      0.6302404403686523,
      0.4463784694671631,
      0.1072695255279541,
      0.022955656051635742
    ],
    "7": [
      0.21192586421966553,
      0.7958595752716064,
      0.6237281560897827,
      0.8470332622528076,
      0.6773171424865723,
      0.8279913663864136,
      0.6666295528411865,
      0.15592622756958008,
      0.26241132616996765,
      0.7572373151779175,
      0.304964542388916,
      0.2659412622451782,
      0.1467036008834839,
      0.23172235488891602,
      0.1268082857131958,
      0.6936725378036499,
      0.5348793268203735,
      0.10718917846679688,
      0.12706971168518066,
      0.3699396848678589,
      0.0001499652862548828,
      0.25596070289611816,
      0.0024971961975097656,
      0.03397083282470703,
      0.11683404445648193,
      0.9729864597320557,
      0.06923294067382813,
      0.18633782863616943,
      0.5515114068984985,
      0.44297564029693604,
      0.9422957897186279,
      0.6302404403686523,
      0.4463784694671631,
      0.1072695255279541,
      0.022955656051635742
    ]
  }
}
