{
  "cols": 4,
  "data": {
    "0": [
      4.4508888095152e-05,
      3.3286601137661e-06,
      6.4605019360897e-06,
      0.0
    ],
    "1": [
      0.99997889995575,
      1.0,
      1.0,
      1.0
    ],
    "2": [
      0.0,
      0.99997669458389,
      2.9951472697576e-06,
      0.9999892115593
    ],
    "3": [
      0.99941194057465,
      4.684610030381e-05,
      0.99906730651855,
      4.7059314965736e-05
    ]
  }
}
