{
  "cols": 4,
  "data": {
    "0": [
      0.028409091755748,
      1.0,
      0.0,
      1.0
    ],
    "1": [
      1.0,
      0.96610170602798,
      1.0,
      0.98305082321167
    ],
    "2": [
      1.0,
      0.0,
      0.95000004768372,
      0.0
    ],
    "3": [
      0.0,
      0.0,
      0.0,
      0.0
    ]
  }
}
