{
  "cols": 3,
  "data": {
    "0": [
      0.6389822959899902,
      0.6763902902603149,
      0.9689533710479736
    ],
    "1": [
      0.474698543548584,
      0.8519628047943115,
      0.562533974647522
    ],
    "2": [
      0.906067967414856,
      0.3154085874557495,
      0.6116938591003418
    ],
    "3": [
      0.9955189228057861,
      0.2314831018447876,
      0.3964773416519165
    ]
  }
}
