{
  "cols": 3,
  "data": {
    "0": [
      0.5323748588562012,
      0.8600281476974487,
      0.01191723346710205
    ],
    "1": [
      0.2880319356918335,
      0.8308756351470947,
      0.20797693729400635
    ],
    "2": [
      0.6729910373687744,
      0.3098728656768799,
      0.8029439449310303
    ],
    "3": [
      0.7176836729049683,
      0.9372141361236572,
      0.8921051025390625
    ]
  }
}
