{
  "cols": 3,
  "data": {
    "0": [
      0.005251430906355381,
      0.007581138983368874,
      0.0014366107061505318
    ],
    "1": [
      0.9962130188941956,
      0.9983457326889038,
      0.9943414926528931
    ]
  }
}
