{
  "cols": 3,
  "data": {
    "0": [
      0.0038120700046420097,
      0.9816423058509827,
      0.002029942348599434
    ],
    "1": [
      0.9965140223503113,
      0.9969159960746765,
      0.9823375940322876
    ],
    "2": [
      0.9965140223503113,
      0.019488301128149033,
      0.9926281571388245
    ],
    "3": [
      0.05184889957308769,
      0.005948976613581181,
      0.020691394805908203
    ]
  }
}
