{
  "cols": 3,
  "data": {
    "0": [
      0.24368774890899658,
      0.6992312669754028,
      0.9066082239151001
    ],
    "1": [
      0.2755681276321411,
      0.39781737327575684,
      0.1606820821762085
    ],
    "2": [
      0.39113175868988037,
      0.78773033618927,
      0.5844322443008423
    ],
    "3": [
      0.47185301780700684,
      0.7821829319000244,
      0.6501133441925049
    ]
  }
}
