{
  "cols": 3,
  "data": {
    "0": [
      0.2638528347015381,
      0.024630188941955566,
      0.24051082134246826
    ],
    "1": [
      0.3709580898284912,
      0.09752249717712402,
      0.8423153162002563
    ],
    "2": [
      0.7379175424575806,
      0.13609552383422852,
      0.7821229696273804
    ],
    "3": [
      0.2726236581802368,
      0.8973593711853027,
      0.5130746364593506
    ]
  }
}
