{
  "cols": 3,
  "data": {
    "0": [
      0.002463698387145996,
      0.0007264744490385056,
      0.016941502690315247
    ],
    "1": [
      0.995630145072937,
      0.004074040800333023,
      0.9980130791664124
    ],
    "2": [
      0.9944568276405334,
      0.9992451667785645,
      0.9998735189437866
    ],
    "3": [
      0.007564999163150787,
      0.9936285614967346,
      0.006463014520704746
    ],
    "4": [
      0.007564999163150787,
      0.9936285614967346,
      0.978905439376831
    ],
    "5": [
      0.0013525551185011864,
      0.0010179346427321434,
      0.9997059106826782
    ],
    "6": [
      0.9952327609062195,
      0.9975178241729736,
      0.00664657074958086
    ]
  }
}
