{
  "cols": 3,
  "data": {
    "0": [
      0.0019337106496095657,
      0.007290977984666824,
      0.02897688001394272
    ],
    "1": [
      0.9947880506515503,
      0.005929561331868172,
      0.9987067580223083
    ],
    "2": [
      0.9992395639419556,
      0.9997086524963379,
      0.9362308979034424
    ],
    "4": [
      0.0075399260967969894,
      0.9997086524963379,
      0.9657419919967651
    ],
    "5": [
      0.6211622357368469,
      0.998869001865387,
      0.495350182056427
    ],
    "6": [
      0.4976131319999695,
      0.5072656273841858,
      0.4993390738964081
    ],
    "7": [
      0.5017799735069275,
      0.4874490797519684,
      0.003470947965979576
    ]
  }
}
