{
  "cols": 3,
  "data": {
    "0": [
      0.9619169235229492,
      0.625931978225708,
      0.31799769401550293
    ],
    "1": [
      0.27217257022857666,
      0.6963673830032349,
      0.8949642181396484
    ],
    "2": [
      0.4645347595214844,
      0.1077193021774292,
      0.9740581512451172
    ],
    "3": [
      0.4005390405654907,
      0.7793679237365723,
      0.2522397041320801
    ]
  }
}
