{
  "cols": 3,
  "data": {
    "0": [
      0.0037044761702418327,
      0.004383763298392296,
      0.042159147560596466
    ],
    "1": [
      0.0037044761702418327,
      0.004383763298392296,
      0.983973503112793
    ],
    "2": [
      0.0037044761702418327,
      0.9956035614013672,
      0.0012353993952274323
    ],
    "3": [
      0.006334800273180008,
      0.9956035614013672,
      0.9564213156700134
    ],
    "4": [
      0.9484869241714478,
      0.9956035614013672,
      0.9926289319992065
    ],
    "5": [
      0.9945341348648071,
      0.9956035614013672,
      0.006498787552118301
    ],
    "6": [
      0.9942798614501953,
      0.0025043515488505363,
      0.9933915138244629
    ]
  }
}
