{
  "cols": 3,
  "data": {
    "0": [
      0.47441887855529785,
      0.9839301109313965,
      0.892998456954956
    ],
    "1": [
      0.36762988567352295,
      0.753075122833252,
      0.005470633506774902
    ],
    "2": [
      0.9778388738632202,
      0.11482477188110352,
      0.4008115530014038
    ],
    "3": [
      0.0999288558959961,
      0.1639556884765625,
      0.6803758144378662
    ]
  }
}
