{
  "cols": 22,
  "data": {
    "0": [
      0.73758864402771,
      0.67235267162323,
      1.0,
      0.7210295796394348,
      0.10791502147912979,
      0.39007091522216797,
      0.8225682377815247,
      0.8292843103408813,
      0.6296516060829163,
      0.06352157890796661,
      0.5673708915710449,
      0.12062899023294449,
      0.5315332412719727,
      0.8331506252288818,
      0.880608320236206,
      0.33217087388038635,
      0.8230117559432983,
      0.2726737856864929,
      0.6601763963699341,
      0.9868839979171753,
      0.8160708546638489,
      0.4932946264743805
    ],
    "1": [
      0.3767228126525879,
      0.67235267162323,
      0.3391324579715729,
      0.4040810763835907,
      0.10791502147912979,
      0.4964538812637329,
      0.8225682377815247,
      0.8292843103408813,
      0.6296516060829163,
      0.06352157890796661,
      0.5673708915710449,
      0.12062899023294449,
      0.5315332412719727,
      0.8331506252288818,
      0.880608320236206,
      0.33217087388038635,
      0.8230117559432983,
      0.2726737856864929,
      0.6601763963699341,
      0.9868839979171753,
      0.8160708546638489,
      0.4932946264743805
    ],
    "2": [
      0.3767228126525879,
      0.67235267162323,
      0.3391324579715729,
      0.4040810763835907,
      0.10791502147912979,
      0.4964538812637329,
      0.8225682377815247,
      0.8292843103408813,
      0.283687949180603,
      0.379180371761322,
      0.5673708915710449,
      0.12062899023294449,
      0.5315332412719727,
      0.39882874488830566,
      0.47540178894996643,
      0.33217087388038635,
      0.8230117559432983,
      0.2726737856864929,
      0.3958333432674408,
      0.6363636255264282,
      0.7400000095367432,
      0.19230769574642181
    ],
    "3": [
      0.04964538663625717,
      1.0,
      0.38728827238082886,
      0.8480308651924133,
      0.10791502147912979,
      0.4964538812637329,
      0.8225682377815247,
      0.8292843103408813,
      0.04964538663625717,
      0.3096274733543396,
      0.4539100229740143,
      0.2416585385799408,
      0.6933494806289673,
      0.9999757409095764,
      0.6814338564872742,
      0.33217087388038635,
      0.8230117559432983,
      0.2726737856864929,
      0.3958333432674408,
      0.6363636255264282,
      0.7400000095367432,
      0.19230769574642181
    ],
    "4": [
      0.04964538663625717,
      1.0,
      0.38728827238082886,
      0.8480308651924133,
      0.10791502147912979,
      0.616986095905304,
      0.8225682377815247,
      0.8292843103408813,
      0.04964538663625717,
      0.3096274733543396,
      0.4539100229740143,
      0.2416585385799408,
      0.6933494806289673,
      0.5332075357437134,
      0.2966077923774719,
      0.470736026763916,
      0.8230117559432983,
      0.2726737856864929,
      0.3958333432674408,
      0.6363636255264282,
      0.7400000095367432,
      0.19230769574642181
    ],
    "5": [
      4.105595053260913e-06,
      1.0,
      0.38728827238082886,
      0.8909667730331421,
      0.3367891311645508,
      0.616986095905304,
      0.30227944254875183,
      0.8110587000846863,
      0.16255374252796173,
      0.35461267828941345,
      0.973910391330719,
      1.3631670299218968e-05,
      0.7943261861801147,
      0.7871794104576111,
      0.588652491569519,
      0.470736026763916,
      0.8230117559432983,
      0.2726737856864929,
      0.9270833134651184,
      0.9898989796638489,
      0.6299999952316284,
      0.0
    ],
    "6": [
      0.10648331046104431,
      1.0,
      0.716312050819397,
      0.8909667730331421,
      0.73758864402771,
      0.05730023607611656,
      0.30227944254875183,
      0.8110587000846863,
      0.16255374252796173,
      0.35461267828941345,
      0.3971549868583679,
      1.3631670299218968e-05,
      0.6754786372184753,
      0.5177271366119385,
      0.588652491569519,
      0.470736026763916,
      0.8230117559432983,
      0.2726737856864929,
      0.9270833134651184,
      0.9898989796638489,
      0.6299999952316284,
      0.0
    ]
  }
}
