{
  "cols": 22,
  "data": {
    "0": [
      0.22021067142486572,
      0.10710585117340088,
      0.43683815002441406,
      0.41833698749542236,
      0.8398686647415161,
      0.8169877529144287,
      0.37593626976013184,
      0.574060320854187,
      0.3293551206588745,
      0.40524041652679443,
      0.16128921508789063,
      0.4434322118759155,
      0.31412792205810547,
      0.34499168395996094,
      0.17168033123016357,
      0.33770716190338135,
      0.294045090675354,
      0.9933854341506958,
      0.7431448698043823,
      0.26518476009368896,
      0.8297032117843628,
      0.9562888145446777
    ],
    "1": [
      0.440854549407959,
      0.8116799592971802,
      0.32774174213409424,
      0.9531011581420898,
      0.6167749166488647,
      0.3842073678970337,
      0.6043218374252319,
      0.3097597360610962,
      0.15598726272583008,
      0.22414827346801758,
      0.9836820363998413,
      0.865532398223877,
      0.25455236434936523,
      0.9805269241333008,
      0.3481752872467041,
      0.9894152879714966,
      0.9762624502182007,
      0.02175283432006836,
      0.9977535009384155,
      0.42443549633026123,
      0.7297114133834839,
      0.573070764541626
    ],
    "2": [
      0.380184531211853,
      0.24188196659088135,
      0.9219311475753784,
      0.5976401567459106,
      0.10479354858398438,
      0.8700524568557739,
      0.09698522090911865,
      0.5146216154098511,
      0.04566538333892822,
      0.4260849952697754,
      0.9423986673355103,
      0.6640293598175049,
      0.32040178775787354,
      0.1148306131362915,
      0.24781346321105957,
      0.2536822557449341,
      0.04483330249786377,
      0.0954885482788086,
      0.9228535890579224,
      0.0031543970108032227,
      0.3845560550689697,
      0.14125847816467285
    ],
    "3": [
      0.6704719066619873,
      0.8046903610229492,
      0.8589776754379272,
      0.5741831064224243,
      0.6143314838409424,
      0.4144665002822876,
      0.1741541624069214,
      0.965717077255249,
      0.6520707607269287,
      0.6076759099960327,
      0.6756138801574707,
      0.03279709815979004,
      0.694628119468689,
      0.9599406719207764,
      0.14065933227539063,
      0.1266409158706665,
      0.9917292594909668,
      0.4188244342803955,
      0.617465615272522,
      0.5727822780609131,
      0.028509855270385742,
      0.9287652969360352
    ]
  }
}
