{
  "cols": 22,
  "data": {
    "0": [
      0.6558170914649963,
      0.5490444898605347,
      0.23661857843399048,
      0.7489520907402039,
      0.4040534496307373,
      0.8286485075950623,
      0.11575867980718613,
      0.5204101204872131,
      0.59263014793396,
      0.2650296986103058,
      0.5964890122413635,
      0.3619665801525116,
      0.5565151572227478,
      0.6054130792617798,
      0.45835861563682556,
      0.4944540560245514,
      0.6578472852706909,
      0.17521320283412933,
      0.553101658821106,
      0.5333786010742188,
      0.8437657952308655,
      0.17032910883426666
    ],
    "1": [
      0.5820491313934326,
      0.4523561894893646,
      0.643680214881897,
      0.7189387083053589,
      0.4040534496307373,
      0.8286485075950623,
      0.11575867980718613,
      0.5204101204872131,
      0.59263014793396,
      0.2650296986103058,
      0.5964890122413635,
      0.3619665801525116,
      0.19334913790225983,
      0.8113429546356201,
      0.2557421326637268,
      0.23404255509376526,
      0.3052631616592407,
      0.36538460850715637,
      0.4375,
      0.7070707082748413,
      0.7699999809265137,
      0.17032910883426666
    ],
    "2": [
      0.05850233882665634,
      0.4523561894893646,
      0.643680214881897,
      0.7189387083053589,
      0.4040534496307373,
      0.8286485075950623,
      0.11575867980718613,
      0.5204101204872131,
      0.59263014793396,
      0.2650296986103058,
      0.5964890122413635,
      0.3619665801525116,
      0.19334913790225983,
      0.8113429546356201,
      0.2557421326637268,
      0.23404255509376526,
      0.3052631616592407,
      0.36538460850715637,
      0.25,
      0.7777777910232544,
      0.8799999952316284,
      0.0
    ],
    "4": [
      0.05850233882665634,
      0.524722158908844,
      0.8793781995773315,
      0.9898276925086975,
      0.38543501496315,
      0.21529892086982727,
      0.8006314039230347,
      0.801327645778656,
      0.7310114502906799,
      0.2650296986103058,
      0.5964890122413635,
      0.3619665801525116,
      0.19334913790225983,
      0.8113429546356201,
      0.2557421326637268,
      0.23404255509376526,
      0.3052631616592407,
      0.36538460850715637,
      0.25,
      0.7777777910232544,
      0.8799999952316284,
      0.0
    ],
    "5": [
      0.018790777772665024,
      0.541015088558197,
      0.7556735277175903,
      0.9543227553367615,
      0.39584919810295105,
      0.3614315390586853,
      0.5139724612236023,
      0.7084652781486511,
      0.1702127605676651,
      0.1773049533367157,
      0.5381531119346619,
      0.36758068203926086,
      0.2931117117404938,
      1.0,
      0.8458159565925598,
      0.31273823976516724,
      0.4030740261077881,
      0.30819380283355713,
      0.3266112506389618,
      0.7134657502174377,
      0.8600351214408875,
      0.008496176451444626
    ],
    "6": [
      0.0792173221707344,
      0.5542885065078735,
      0.598791778087616,
      0.9099791646003723,
      0.393112450838089,
      0.5083938241004944,
      0.26920661330223083,
      0.6297094821929932,
      0.2615128457546234,
      0.20629385113716125,
      0.5569256544113159,
      0.3624836802482605,
      0.40255841612815857,
      0.8878058195114136,
      0.7623846530914307,
      0.3965499699115753,
      0.5121465921401978,
      0.25815245509147644,
      0.41302287578582764,
      0.6351591944694519,
      0.8337859511375427,
      0.02492029406130314
    ],
    "7": [
      0.37536317110061646,
      0.5598602294921875,
      0.38326993584632874,
      0.8449856638908386,
      0.39338937401771545,
      0.6902289986610413,
      0.09825973212718964,
      0.5454807877540588,
      0.4269932806491852,
      0.42553189396858215,
      0.2770129442214966,
      0.0003740217653103173,
      0.963977575302124,
      0.9998224377632141,
      0.9999861717224121,
      0.6615492701530457,
      0.6224988102912903,
      0.2040470689535141,
      0.48324054479599,
      0.557418704032898,
      0.8343589901924133,
      0.07126037776470184
    ]
  }
}
