{
  "cols": 22,
  "data": {
    "0": [
      0.1633286476135254,
      0.24499619007110596,
      0.8975093364715576,
      0.575939416885376,
      0.02506566047668457,
      0.0516589879989624,
      0.3026456832885742,
      0.3862835168838501,
      0.10074973106384277,
      0.06143832206726074,
      0.5208057165145874,
      0.23239898681640625,
      0.49585628509521484,
      0.8521214723587036,
      0.30173277854919434,
      0.3604997396469116,
      0.7277113199234009,
      0.16120398044586182,
      0.29084646701812744,
      0.8360116481781006,
      0.8020634651184082,
      0.04531359672546387
    ],
    "1": [
      0.9316407442092896,
      0.0021343231201171875,
      0.34536635875701904,
      0.7761582136154175,
      0.6081936359405518,
      0.7580910921096802,
      0.14907455444335938,
      0.8440737724304199,
      0.6868637800216675,
      0.10015583038330078,
      0.9701991081237793,
      0.8124891519546509,
      0.08081424236297607,
      0.6083446741104126,
      0.2631971836090088,
      0.6273312568664551,
      0.900495171546936,
      0.42693030834198,
      0.8503745794296265,
      0.9962716102600098,
      0.752479076385498,
      0.16750121116638184
    ],
    "2": [
      0.6046355962753296,
      0.8534641265869141,
      0.7839925289154053,
      0.21907413005828857,
      0.7217106819152832,
      0.23317956924438477,
      0.3211933374404907,
      0.03704023361206055,
      0.06244921684265137,
      0.42918312549591064,
      0.4919475317001343,
      0.3095155954360962,
      0.603131890296936,
      0.09935307502746582,
      0.2252265214920044,
      0.02612459659576416,
      0.772873044013977,
      0.6779859066009521,
      0.4501631259918213,
      0.33131086826324463,
      0.6960364580154419,
      0.14914989471435547
    ],
    "3": [
      0.40222764015197754,
      0.7713614702224731,
      0.8941292762756348,
      0.6067249774932861,
      0.9985593557357788,
      0.10525965690612793,
      0.024419546127319336,
      0.46062684059143066,
      0.8727141618728638,
      0.2126525640487671,
      0.3846241235733032,
      0.39336955547332764,
      0.4311598539352417,
      0.9577478170394897,
      0.7144033908843994,
      0.6048421859741211,
      0.09123075008392334,
      0.6700973510742188,
      0.6556988954544067,
      0.11160993576049805,
      0.38813865184783936,
      0.9682339429855347
    ]
  }
}
