{
  "cols": 22,
  "data": {
    "0": [
      0.7066441774368286,
      0.2250882387161255,
      0.6773422956466675,
      0.5708633661270142,
      0.6108731031417847,
      0.27237462997436523,
      0.37254297733306885,
      0.9285697937011719,
      0.5858557224273682,
      0.3700907230377197,
      0.15912127494812012,
      0.32309162616729736,
      0.1093207597732544,
      0.379571795463562,
      0.08019649982452393,
      0.432381272315979,
      0.12468528747558594,
      0.3604799509048462,
      0.39765655994415283,
      0.8746237754821777,
      0.6315970420837402,
      0.3537156581878662
    ],
    "1": [
      0.6893690824508667,
      0.7286069393157959,
      0.7266563177108765,
      0.4096337556838989,
      0.5688947439193726,
      0.7419042587280273,
      0.7845134735107422,
      0.125984787940979,
      0.5281994342803955,
      0.44129061698913574,
      0.4890049695968628,
      0.2713390588760376,
      0.4336279630661011,
      0.06036722660064697,
      0.0037517547607421875,
      0.764237642288208,
      0.04656219482421875,
      0.3896678686141968,
      0.8362245559692383,
      0.7039844989776611,
      0.21595370769500732,
      0.2753009796142578
    ],
    "2": [
      0.9517678022384644,
      0.13275480270385742,
      0.5932682752609253,
      0.023909926414489746,
      0.4919551610946655,
      0.14643120765686035,
      0.987896203994751,
      0.751899242401123,
      0.9909588098526001,
      0.9759992361068726,
      0.5886780023574829,
      0.692718505859375,
      0.045824289321899414,
      0.8942141532897949,
      0.6556481122970581,
      0.5723844766616821,
      0.6774184703826904,
      0.8287405967712402,
      0.14815127849578857,
      0.2004789113998413,
      0.5140171051025391,
      0.08144009113311768
    ],
    "3": [
      0.600533127784729,
      0.9338895082473755,
      0.34970080852508545,
      0.195512056350708,
      0.27648890018463135,
      0.9373286962509155,
      0.38717055320739746,
      0.8298003673553467,
      0.536494255065918,
      0.43599092960357666,
      0.19079124927520752,
      0.554594874382019,
      0.16224610805511475,
      0.3697594404220581,
      0.03822183609008789,
      0.9309046268463135,
      0.41643214225769043,
      0.9977444410324097,
      0.6760766506195068,
      0.10158276557922363,
      0.4923062324523926,
      0.999053955078125
    ]
  }
}
