{
  "cols": 22,
  "data": {
    "0": [
      0.45819446444511414,
      0.6463842391967773,
      0.36808183789253235,
      0.7107294201850891,
      0.10607682913541794,
      0.6746798157691956,
      0.7323228716850281,
      0.8263593912124634,
      0.095238097012043,
      0.23364485800266266,
      0.817307710647583,
      0.0,
      0.9870370030403137,
      0.9905238747596741,
      0.8985121250152588,
      0.8695738315582275,
      0.8741443753242493,
      0.27071431279182434,
      0.989688515663147,
      0.9896848201751709,
      0.7952545285224915,
      0.817307710647583
    ],
    "1": [
      0.45819446444511414,
      0.6463842391967773,
      0.36808183789253235,
      0.7107294201850891,
      0.10607682913541794,
      0.6746798157691956,
      0.7323228716850281,
      0.8263593912124634,
      0.15238095819950104,
      0.29906541109085083,
      0.817307710647583,
      0.0,
      0.9870370030403137,
      0.9905238747596741,
      0.8985121250152588,
      0.8695738315582275,
      0.821052610874176,
      0.27071431279182434,
      0.65625,
      0.9896848201751709,
      0.7952545285224915,
      0.567307710647583
    ],
    "2": [
      0.25438597798347473,
      0.6463842391967773,
      0.36808183789253235,
      0.7107294201850891,
      0.10607682913541794,
      0.5913978219032288,
      0.7323228716850281,
      0.8263593912124634,
      0.15238095819950104,
      0.29906541109085083,
      0.817307710647583,
      0.0,
      0.9870370030403137,
      0.9905238747596741,
      0.8985121250152588,
      0.7127659320831299,
      0.7263157963752747,
      0.27071431279182434,
      0.4479166567325592,
      0.9896848201751709,
      0.7952545285224915,
      0.0
    ],
    "3": [
      0.07894736528396606,
      0.6463842391967773,
      0.36808183789253235,
      0.7107294201850891,
      0.10607682913541794,
      0.5913978219032288,
      0.7323228716850281,
      0.8969072103500366,
      0.24761904776096344,
      0.38317757844924927,
      0.817307710647583,
      0.0,
      0.9870370030403137,
      0.9905238747596741,
      0.939393937587738,
      0.7127659320831299,
      0.7263157963752747,
      0.27071431279182434,
      0.4479166567325592,
      0.9896848201751709,
      0.9300000071525574,
      0.0
    ],
    "4": [
      0.07894736528396606,
      0.6463842391967773,
      0.36808183789253235,
      0.7107294201850891,
      0.10607682913541794,
      0.5913978219032288,
      0.7323228716850281,
      0.8969072103500366,
      0.11428571492433548,
      0.20560747385025024,
      0.817307710647583,
      0.0,
      0.9870370030403137,
      0.9905238747596741,
      0.939393937587738,
      0.7127659320831299,
      0.7263157963752747,
      0.27071431279182434,
      0.4479166567325592,
      0.9896848201751709,
      0.9300000071525574,
      0.0
    ],
    "5": [
      0.42105263471603394,
      0.646182119846344,
      0.3669736683368683,
      0.7090863585472107,
      0.09555435180664063,
      0.6796860098838806,
      0.7398966550827026,
      0.8969072103500366,
      0.0,
      0.3457943797111511,
      0.9519230723381042,
      0.006919014733284712,
      0.9902807474136353,
      0.986340343952179,
      0.9144105315208435,
      0.8975120782852173,
      0.8739756941795349,
      0.27348917722702026,
      0.9112398624420166,
      0.9855450987815857,
      0.803627073764801,
      0.8334543704986572
    ],
    "6": [
      0.07280702143907547,
      0.6451237797737122,
      0.3753278851509094,
      0.7042641043663025,
      0.11349117755889893,
      0.5164874196052551,
      0.7321910262107849,
      0.8294934630393982,
      0.11428571492433548,
      0.2897196114063263,
      0.8461538553237915,
      0.0030607751104980707,
      0.9876271486282349,
      0.9937190413475037,
      0.38383838534355164,
      0.727773904800415,
      0.7249701619148254,
      0.26969578862190247,
      0.3645833432674408,
      0.6363636255264282,
      0.9200000166893005,
      0.0
    ]
  }
}
