{
  "cols": 22,
  "data": {
    "0": [
      0.1290360689163208,
      0.3011770248413086,
      0.49436450004577637,
      0.43932485580444336,
      0.23010432720184326,
      0.37355732917785645,
      0.9425103664398193,
      0.48150646686553955,
      0.276142954826355,
      0.13389289379119873,
      0.4023704528808594,
      0.28503847122192383,
      0.6782077550888062,
      0.5759233236312866,
      0.2559853792190552,
      0.14334893226623535,
      0.7215839624404907,
      0.14464759826660156,
      0.36499083042144775,
      0.939857006072998,
      0.22044122219085693,
      0.17641139030456543
    ],
    "1": [
      0.973760724067688,
      0.2197110652923584,
      0.10657751560211182,
      0.9759758710861206,
      0.9424830675125122,
      0.5113327503204346,
      0.010651111602783203,
      0.9108395576477051,
      0.3928030729293823,
      0.5859498977661133,
      0.5765163898468018,
      0.11207592487335205,
      0.3751791715621948,
      0.4745650291442871,
      0.9615820646286011,
      0.11650729179382324,
      0.7251540422439575,
      0.4127321243286133,
      0.725885272026062,
      0.3407055139541626,
      0.9660698175430298,
      0.13213932514190674
    ],
    "2": [
      0.24109184741973877,
      0.40612518787384033,
      0.02742636203765869,
      0.5217393636703491,
      0.4028456211090088,
      0.4569399356842041,
      0.6023414134979248,
      0.2008659839630127,
      0.06184267997741699,
      0.13180184364318848,
      0.9273127317428589,
      0.4590017795562744,
      0.7933001518249512,
      0.9228498935699463,
      0.4216231107711792,
      0.9873875379562378,
      0.8198647499084473,
      0.7609769105911255,
      0.7023863792419434,
      0.9230129718780518,
      0.4694197177886963,
      0.10980343818664551
    ],
    "3": [
      0.7947549819946289,
      0.4855543375015259,
      0.36524057388305664,
      0.03332233428955078,
      0.6520150899887085,
      0.10725033283233643,
      0.3536621332168579,
      0.9923946857452393,
      0.2736692428588867,
      0.49964356422424316,
      0.4656500816345215,
      0.5296715497970581,
      0.09390401840209961,
      0.34382307529449463,
      0.5193012952804565,
      0.7334434986114502,
      0.4263688325881958,
      0.5169497728347778,
      0.32208001613616943,
      0.295119047164917,
      0.35278642177581787,
      0.5508929491043091
    ]
  }
}
