{
  "cols": 22,
  "data": {
    "0": [
      0.5874439477920532,
      0.7748020887374878,
      0.7870866060256958,
      0.14705908298492432,
      0.9157837629318237,
      0.7370986938476563,
      0.31089770793914795,
      0.8096110820770264,
      0.4037971496582031,
      0.6578465700149536,
      0.3178020715713501,
      0.48630475997924805,
      0.45325493812561035,
      0.43987882137298584,
      0.5973496437072754,
      0.438656210899353,
      0.9022562503814697,
      0.9590333700180054,
      0.9251971244812012,
      0.9825146198272705,
      0.6790385246276855,
      0.05924856662750244
    ],
    "1": [
      0.4595828056335449,
      0.9340895414352417,
      0.441430926322937,
      0.6249086856842041,
      0.7254770994186401,
      0.8372611999511719,
      0.6044001579284668,
      0.7063040733337402,
      0.493666410446167,
      0.2517688274383545,
      0.5933667421340942,
      0.14296352863311768,
      0.3208961486816406,
      0.9111355543136597,
      0.5980076789855957,
      0.6762281656265259,
      0.9091612100601196,
      0.6606093645095825,
      0.2683684825897217,
      0.38994526863098145,
      0.23250794410705566,
      0.5710160732269287
    ],
    "2": [
      0.39705371856689453,
      0.20443975925445557,
      0.3053478002548218,
      0.28628766536712646,
      0.4883558750152588,
      0.8887026309967041,
      0.7152515649795532,
      0.15148866176605225,
      0.17454886436462402,
      0.5344589948654175,
      0.41177690029144287,
      0.2996479272842407,
      0.29686009883880615,
      0.3509376049041748,
      0.48520493507385254,
      0.3392324447631836,
      0.23419630527496338,
      0.19833123683929443,
      0.347784161567688,
      0.0947037935256958,
      0.41698622703552246,
      0.34032440185546875
    ],
    "3": [
      0.2571941614151001,
      0.804897665977478,
      0.4251648187637329,
      0.15703892707824707,
      0.0964735746383667,
      0.6492761373519897,
      0.83549964427948,
      0.002270340919494629,
      0.4151277542114258,
      0.6610527038574219,
      0.2546210289001465,
      0.8023754358291626,
      0.346488356590271,
      0.3340078592300415,
      0.2971611022949219,
      0.4176288843154907,
      0.11925256252288818,
      0.4066200256347656,
      0.3506629467010498,
      0.02761983871459961,
      0.01498866081237793,
      0.153589129447937
    ]
  }
}
