{
  "cols": 22,
  "data": {
    "0": [
      0.10875719785690308,
      0.994486927986145,
      0.7258902192115784,
      0.8837239742279053,
      0.7303158640861511,
      0.06113475561141968,
      0.29959043860435486,
      0.812143862247467,
      0.1711510419845581,
      0.34265759587287903,
      0.4109293222427368,
      0.0060226828791201115,
      0.6753910779953003,
      0.5308130979537964,
      0.6016209721565247,
      0.4694995582103729,
      0.8310027122497559,
      0.2738938629627228,
      0.9420167803764343,
      0.9998514652252197,
      0.6317846775054932,
      0.0132805360481143
    ],
    "1": [
      0.0,
      0.9880031943321228,
      0.33336740732192993,
      0.8809421062469482,
      0.8936169743537903,
      0.06287442147731781,
      0.3021610677242279,
      0.8086079359054565,
      0.001080196350812912,
      0.49645668268203735,
      0.4124496281147003,
      0.0127262556925416,
      1.0,
      0.9999918937683105,
      0.3967384397983551,
      0.46950966119766235,
      0.8275882005691528,
      0.2767246961593628,
      0.9404054880142212,
      0.9892198443412781,
      0.6305764317512512,
      0.01240529678761959
    ],
    "2": [
      0.3404255211353302,
      0.9880031943321228,
      0.33336740732192993,
      0.8809421062469482,
      0.7021276354789734,
      0.06287442147731781,
      0.8368434906005859,
      0.8086079359054565,
      0.001080196350812912,
      0.37375885248184204,
      1.0,
      0.0127262556925416,
      1.0,
      0.9999918937683105,
      0.9078996181488037,
      0.46950966119766235,
      0.8275882005691528,
      0.2767246961593628,
      0.5,
      0.7575757503509521,
      0.7799999713897705,
      0.01240529678761959
    ],
    "3": [
      0.11289110034704208,
      0.9880031943321228,
      0.9319728016853333,
      0.8809421062469482,
      0.7021276354789734,
      0.06287442147731781,
      0.8368434906005859,
      0.8086079359054565,
      0.001080196350812912,
      0.3191489279270172,
      1.0,
      0.00019957013137172908,
      0.999866783618927,
      0.9574706554412842,
      0.7206882238388062,
      0.46950966119766235,
      0.8275882005691528,
      0.2767246961593628,
      0.6041666865348816,
      1.0,
      0.6499999761581421,
      0.01240529678761959
    ]
  }
}
