{
  "cols": 22,
  "data": {
    "0": [
      0.45819446444511414,
      0.6463842391967773,
      0.36808183789253235,
      0.7107294201850891,
      0.10607682913541794,
      0.6746798157691956,
      0.7323228716850281,
      0.8263593912124634,
      0.095238097012043,
      0.23364485800266266,
      0.817307710647583,
      0.0,
      0.9870370030403137,
      0.9905238747596741,
      0.8985121250152588,
      0.8695738315582275,
      0.8741443753242493,
      0.27071431279182434,
      0.989688515663147,
      0.9896848201751709,
      0.7952545285224915,
      0.817307710647583
    ],
    "1": [
      0.45819446444511414,
      0.6463842391967773,
      0.36808183789253235,
      0.7107294201850891,
      0.10607682913541794,
      0.6746798157691956,
      0.7323228716850281,
      0.8263593912124634,
      0.15238095819950104,
      0.29906541109085083,
      0.817307710647583,
      0.0,
      0.9870370030403137,
      0.9905238747596741,
      0.8985121250152588,
      0.8695738315582275,
      0.821052610874176,
      0.27071431279182434,
      0.65625,
      0.9896848201751709,
      0.7952545285224915,
      0.567307710647583
    ],
    "2": [
      0.25438597798347473,
      0.6463842391967773,
      0.36808183789253235,
      0.7107294201850891,
      0.10607682913541794,
      0.5913978219032288,
      0.7323228716850281,
      0.8263593912124634,
      0.15238095819950104,
      0.29906541109085083,
      0.817307710647583,
      0.0,
      0.9870370030403137,
      0.9905238747596741,
      0.8985121250152588,
      0.7127659320831299,
      0.7263157963752747,
      0.27071431279182434,
      0.4479166567325592,
      0.9896848201751709,
      0.7952545285224915,
      0.0
    ],
    "4": [
      0.07894736528396606,
      0.6463842391967773,
      0.36808183789253235,
      0.7107294201850891,
      0.10607682913541794,
      0.5913978219032288,
      0.7323228716850281,
      0.8969072103500366,
      0.11428571492433548,
      0.20560747385025024,
      0.817307710647583,
      0.0,
      0.9870370030403137,
      0.9905238747596741,
      0.939393937587738,
      0.7127659320831299,
      0.7263157963752747,
      0.27071431279182434,
      0.4479166567325592,
      0.9896848201751709,
      0.9300000071525574,
      0.0
    ],
    "5": [
      0.42105263471603394,
      0.646182119846344,
      0.3669736683368683,
      0.7090863585472107,
      0.09555435180664063,
      0.6796860098838806,
      0.7398966550827026,
      0.8969072103500366,
      0.0,
      0.3457943797111511,
      0.9519230723381042,
      0.006919014733284712,
      0.9902807474136353,
      0.986340343952179,
      0.9144105315208435,
      0.8975120782852173,
      0.8739756941795349,
      0.27348917722702026,
      0.9112398624420166,
      0.9855450987815857,
      0.803627073764801,
      0.8334543704986572
    ],
    "6": [
      0.07280702143907547,
      0.6451237797737122,
      0.3753278851509094,
      0.7042641043663025,
      0.11349117755889893,
      0.5164874196052551,
      0.7321910262107849,
      0.8294934630393982,
      0.11428571492433548,
      0.2897196114063263,
      0.8461538553237915,
      0.0030607751104980707,
      0.9876271486282349,
      0.9937190413475037,
      0.38383838534355164,
      0.727773904800415,
      0.7249701619148254,
      0.26969578862190247,
      0.3645833432674408,
      0.6363636255264282,
      0.9200000166893005,
      0.0
    ],
    "7": [
      0.45819446444511414,
      0.6463842391967773,
      0.36808183789253235,
      0.7107294201850891,
      0.17204301059246063,
      0.4838709533214569,
      0.7323228716850281,
      0.8263593912124634,
      0.095238097012043,
      0.23364485800266266,
      0.817307710647583,
      0.0,
      0.9870370030403137,
      0.9905238747596741,
      0.8985121250152588,
      0.8936170339584351,
      0.8741443753242493,
      0.17307692766189575,
      0.9583333134651184,
      0.9896848201751709,
      0.7952545285224915,
      0.817307710647583
    ],
    "8": [
      0.4652968943119049,
      0.6502560973167419,
      0.3707049489021301,
      0.7084885835647583,
      0.40425530076026917,
      0.716312050819397,
      0.9078013896942139,
      0.8258770704269409,
      0.34285715222358704,
      0.42990654706954956,
      0.8167922496795654,
      0.007316274102777243,
      0.9844747185707092,
      0.9814844131469727,
      0.8867611885070801,
      0.8495640754699707,
      0.8054760098457336,
      0.27294689416885376,
      0.6729716062545776,
      0.9864319562911987,
      0.778425395488739,
      0.7019230723381042
    ],
    "9": [
      0.09429275244474411,
      0.6372367739677429,
      0.3671262860298157,
      0.7123172283172607,
      0.14283384382724762,
      0.610551655292511,
      0.7591502666473389,
      0.88913893699646,
      0.23149609565734863,
      0.36071422696113586,
      0.8136454224586487,
      0.0003938854206353426,
      0.9990870952606201,
      0.9993172883987427,
      0.9319234490394592,
      0.7247849702835083,
      0.7424699664115906,
      0.274257630109787,
      0.1875,
      0.5353535413742065,
      0.9260982275009155,
      0.014377756044268608
    ]
  }
}
