{
  "cols": 22,
  "data": {
    "0": [
      0.44416606426239014,
      0.39042186737060547,
      0.12658405303955078,
      0.9340850114822388,
      0.3386904001235962,
      0.9242454767227173,
      0.02587759494781494,
      0.32711195945739746,
      0.8794165849685669,
      0.20073211193084717,
      0.5820494890213013,
      0.5116962194442749,
      0.43286216259002686,
      0.9385689496994019,
      0.31520867347717285,
      0.7739772796630859,
      0.8129252195358276,
      0.16238665580749512,
      0.2810283899307251,
      0.5837420225143433,
      0.8140294551849365,
      0.0929642915725708
    ],
    "1": [
      0.5789158344268799,
      0.4102468490600586,
      0.19519102573394775,
      0.49917280673980713,
      0.11626565456390381,
      0.5413579940795898,
      0.039990901947021484,
      0.04119598865509033,
      0.7188125848770142,
      0.1492987871170044,
      0.838019609451294,
      0.8986854553222656,
      0.06317853927612305,
      0.48602592945098877,
      0.6310452222824097,
      0.2002105712890625,
      0.7049474716186523,
      0.5897949934005737,
      0.07632684707641602,
      0.3718150854110718,
      0.4290562868118286,
      0.9908734560012817
    ],
    "2": [
      0.7849444150924683,
      0.31889617443084717,
      0.5226931571960449,
      0.399857759475708,
      0.4959346055984497,
      0.38555705547332764,
      0.6811461448669434,
      0.3843272924423218,
      0.6517490148544312,
      0.23683011531829834,
      0.11607086658477783,
      0.920378565788269,
      0.9323066473007202,
      0.523725152015686,
      0.9201812744140625,
      0.5310169458389282,
      0.8713500499725342,
      0.2777961492538452,
      0.40632152557373047,
      0.24958503246307373,
      0.6652687788009644,
      0.39405763149261475
    ],
    "3": [
      0.8905489444732666,
      0.8124420642852783,
      0.344341516494751,
      0.26894938945770264,
      0.46368467807769775,
      0.7095370292663574,
      0.23274576663970947,
      0.7992421388626099,
      0.10376346111297607,
      0.18806171417236328,
      0.8015795946121216,
      0.12948822975158691,
      0.5232127904891968,
      0.00335848331451416,
      0.6417779922485352,
      0.054295897483825684,
      0.3316251039505005,
      0.13507354259490967,
      0.8853009939193726,
      0.4696657657623291,
      0.9649834632873535,
      0.24170565605163574
    ]
  }
}
