{
  "cols": 22,
  "data": {
    "0": [
      0.6315789222717285,
      0.7130434513092041,
      0.5995927453041077,
      0.7714970111846924,
      0.2171095311641693,
      0.76106196641922,
      0.4482880234718323,
      0.821052610874176,
      0.0803571417927742,
      0.3097345232963562,
      0.7307692170143127,
      0.0,
      0.8709677457809448,
      0.25668060779571533,
      0.0832088366150856,
      0.2946428656578064,
      0.33594998717308044,
      0.3352281153202057,
      0.7556234002113342,
      0.3133717477321625,
      0.28450295329093933,
      0.6442307829856873
    ],
    "1": [
      0.6315789222717285,
      0.7130434513092041,
      0.5995927453041077,
      0.7714970111846924,
      0.2171095311641693,
      0.76106196641922,
      0.4482880234718323,
      0.821052610874176,
      0.0803571417927742,
      0.3097345232963562,
      0.7307692170143127,
      0.0,
      0.8709677457809448,
      0.25668060779571533,
      0.0832088366150856,
      0.2946428656578064,
      0.33594998717308044,
      0.3352281153202057,
      0.7556234002113342,
      0.3133717477321625,
      0.28450295329093933,
      0.6442307829856873
    ]
  }
}
