{
  "cols": 2,
  "data_max": [
    7.65202160021538,
    9.696074370212715
  ],
  "data_min": [
    -7.419580867069761,
    -7.300595185843203
  ],
  "max": 1.0,
  "min": 0.0
}
