{
  "cols": 4,
  "data": {
    "0": [
      0.44209617376327515,
      0.9670741558074951,
      0.42504990100860596,
      0.9984570145606995
    ],
    "1": [
      0.9941834807395935,
      0.5615162253379822,
      0.994871973991394,
      0.5139384269714355
    ],
    "2": [
      0.5064054727554321,
      0.0019228504970669746,
      0.46777963638305664,
      0.003794042393565178
    ]
  }
}
