{
  "cols": 4,
  "data": {
    "0": [
      0.005636665038764477,
      0.4463544189929962,
      0.006637043319642544,
      0.47209593653678894
    ],
    "1": [
      0.594348132610321,
      0.9958988428115845,
      0.4783903956413269,
      0.9951498508453369
    ],
    "2": [
      0.9985690116882324,
      0.49637171626091003,
      0.9959661364555359,
      0.5500409007072449
    ],
    "3": [
      0.4909660220146179,
      0.004355614073574543,
      0.3914763331413269,
      0.006053470075130463
    ]
  }
}
