{
  "cols": 4,
  "data": {
    "0": [
      0.0028010066598653793,
      0.9999873042106628,
      0.003984956070780754,
      0.9952243566513062
    ],
    "1": [
      0.9960655570030212,
      0.99518883228302,
      0.9989272952079773,
      0.9974576234817505
    ],
    "2": [
      0.9971859455108643,
      0.005135560408234596,
      0.9961337447166443,
      0.003243624232709408
    ],
    "3": [
      0.0030619297176599503,
      0.006412109360098839,
      0.0012544402852654457,
      0.004198931157588959
    ],
    "4": [
      0.06213073432445526,
      0.9767588376998901,
      0.996906578540802,
      0.9952778816223145
    ],
    "5": [
      0.0057261912152171135,
      0.007247306406497955,
      0.992894172668457,
      0.0019840290769934654
    ]
  }
}
