{
  "cols": 4,
  "data": {
    "0": [
      0.36279380321502686,
      0.14953386783599854,
      0.343843936920166,
      0.7133926153182983
    ],
    "1": [
      0.14661180973052979,
      0.2703920602798462,
      0.022071003913879395,
      0.9534659385681152
    ],
    "2": [
      0.2943716049194336,
      0.09886384010314941,
      0.8409478664398193,
      0.27155232429504395
    ],
    "3": [
      0.7421926259994507,
      0.8874201774597168,
      0.7069152593612671,
      0.2673407793045044
    ]
  }
}
