{
  "cols": 4,
  "data": {
    "0": [
      0.005676420405507088,
      0.0047090137377381325,
      0.001253768801689148,
      0.007402132265269756
    ],
    "1": [
      0.99831223487854,
      0.0047090137377381325,
      0.9967224597930908,
      0.007402132265269756
    ],
    "2": [
      0.9953849911689758,
      0.9972018599510193,
      0.9947262406349182,
      0.9959079623222351
    ],
    "3": [
      0.00109095498919487,
      0.9972018599510193,
      0.00589763093739748,
      0.9959079623222351
    ],
    "4": [
      0.99831223487854,
      0.0047090137377381325,
      0.9967224597930908,
      0.007402132265269756
    ]
  }
}
