{
  "cols": 4,
  "data": {
    "2": [
      0.9974682331085205,
      0.9944676160812378,
      0.9968136548995972,
      0.9974179863929749
    ],
    "3": [
      0.99977707862854,
      0.006947072222828865,
      0.999271810054779,
      0.005127486772835255
    ],
    "4": [
      0.00363153126090765,
      0.9930517077445984,
      0.007509159855544567,
      0.9985755681991577
    ],
    "5": [
      0.005861553363502026,
      0.005495816469192505,
      0.005676915869116783,
      0.003055334324017167
    ],
    "6": [
      0.966202437877655,
      0.5516000986099243,
      0.007225861772894859,
      0.4709416627883911
    ]
  }
}
