{
  "cols": 4,
  "data": {
    "0": [
      0.9975494742393494,
      0.9983154535293579,
      0.9948320984840393,
      0.996344268321991
    ],
    "1": [
      0.9975494742393494,
      0.0006177969626151025,
      0.9872153997421265,
      0.004913948476314545
    ],
    "2": [
      0.007037937641143799,
      0.0019325593020766973,
      0.008465900085866451,
      0.006934790406376123
    ],
    "3": [
      0.0012182261561974883,
      0.9929837584495544,
      0.003349479753524065,
      0.9947019219398499
    ]
  }
}
