{
  "cols": 4,
  "data": {
    "0": [
      0.007143094204366207,
      0.44137388467788696,
      0.002359475940465927,
      0.5180518627166748
    ],
    "1": [
      0.472166508436203,
      0.0036358742509037256,
      0.4365847408771515,
      0.0031162386294454336
    ],
    "2": [
      0.562687337398529,
      0.9939064383506775,
      0.6608134508132935,
      0.9996105432510376
    ],
    "3": [
      0.998046875,
      0.4839347302913666,
      0.9981587529182434,
      0.6308197975158691
    ]
  }
}
