{
  "cols": 33,
  "data": {
    "0": [
      0.9776180982589722,
      0.6999607086181641,
      0.1538693904876709,
      0.7155845165252686,
      0.34560227394104004,
      0.5195012092590332,
      0.42309606075286865,
      0.11426103115081787,
      0.6885993480682373,
      0.687891960144043,
      0.5035260915756226,
      0.20576465129852295,
      0.23929035663604736,
      0.9035533666610718,
      0.41909492015838623,
      0.3942776918411255,
      0.9314491748809814,
      0.5611487627029419,
      0.811042070388794,
      0.7000905275344849,
      0.0618513822555542,
      0.36360371112823486,
      0.15457594394683838,
      0.7989392280578613,
      0.9726232290267944,
      0.6897895336151123,
      0.24154353141784668,
      0.5135756731033325,
      0.4090852737426758,
      0.29808008670806885,
      0.09266102313995361,
      0.19505977630615234,
      0.4057431221008301
    ],
    "1": [
      0.711538553237915,
      0.8904016017913818,
      0.05964040756225586,
      0.5226008892059326,
      0.6977908611297607,
      0.469523549079895,
      0.5865623950958252,
      0.011227846145629883,
      0.11870002746582031,
      0.23974096775054932,
      0.5618346929550171,
      0.9673423767089844,
      0.19211149215698242,
      0.9869953393936157,
      0.2307567596435547,
      0.05523264408111572,
      0.015810608863830566,
      0.9333020448684692,
      0.0876082181930542,
      0.9192123413085938,
      0.5081799030303955,
      0.6297587156295776,
      0.8299814462661743,
      0.3471567630767822,
      0.2465806007385254,
      0.7270780801773071,
      0.9184234142303467,
      0.7579156160354614,
      0.3920431137084961,
      0.23861241340637207,
      0.25806212425231934,
      0.9269026517868042,
      0.39286231994628906
    ],
    "2": [
      0.985161542892456,
      0.03874790668487549,
      0.6272279024124146,
      0.7116262912750244,
      0.37339138984680176,
      0.39349234104156494,
      0.06152546405792236,
      0.5126800537109375,
      0.4959360361099243,
      0.4754323959350586,
      0.9320210218429565,
      0.5166749954223633,
      0.19535768032073975,
      0.07362949848175049,
      0.13197636604309082,
      0.29116737842559814,
      0.5912044048309326,
      0.14115500450134277,
      0.30146098136901855,
      0.5319533348083496,
      0.6803854703903198,
      0.2568477392196655,
      0.600970983505249,
      0.8209840059280396,
      0.7486279010772705,
      0.4858819246292114,
      0.09846222400665283,
      0.8654959201812744,
      0.34159302711486816,
      0.38445818424224854,
      0.2027885913848877,
      0.2772946357727051,
      0.9778434038162231
    ],
    "3": [
      0.15701758861541748,
      0.717097282409668,
      0.6083039045333862,
      0.7532570362091064,
      0.87406325340271,
      0.8239040374755859,
      0.26233983039855957,
      0.11789977550506592,
      0.5996767282485962,
      0.7669591903686523,
      0.005733489990234375,
      0.6633651256561279,
      0.8921054601669312,
      0.7342633008956909,
      0.4515852928161621,
      0.22847652435302734,
      0.42496824264526367,
      0.43239498138427734,
      0.2419365644454956,
      0.7679166793823242,
      0.6435070037841797,
      0.11033880710601807,
      0.5660310983657837,
      0.21879160404205322,
      0.5830528736114502,
      0.3231496810913086,
      0.30976033210754395,
      0.8800786733627319,
      0.9974439144134521,
      0.3223034143447876,
      0.15197491645812988,
      0.15193438529968262,
      0.41834962368011475
    ]
  }
}
