{
  "cols": 33,
  "data": {
    "0": [
      0.6950139999389648,
      0.30980563163757324,
      0.22741520404815674,
      0.7266000509262085,
      0.5063118934631348,
      0.3710407018661499,
      0.387820839881897,
      0.9010097980499268,
      0.6892155408859253,
      0.7845593690872192,
      0.6804009675979614,
      0.21449816226959229,
      0.25770580768585205,
      0.019656777381896973,
      0.037706732749938965,
      0.567015528678894,
      0.8929282426834106,
      0.05387520790100098,
      0.6859632730484009,
      0.9813932180404663,
      0.053703904151916504,
      0.30094432830810547,
      0.8058044910430908,
      0.1558312177658081,
      0.2427535057067871,
      0.9756299257278442,
      0.05643963813781738,
      0.7585774660110474,
      0.5112638473510742,
      0.7927147150039673,
      0.4513590335845947,
      0.03457999229431152,
      0.7658027410507202
    ],
    "1": [
      0.6950139999389648,
      0.30980563163757324,
      0.22741520404815674,
      0.7266000509262085,
      0.5063118934631348,
      0.37559816241264343,
      0.5319108366966248,
      0.9010097980499268,
      0.6892155408859253,
      0.7845593690872192,
      0.6804009675979614,
      0.21449816226959229,
      0.25770580768585205,
      0.6879385113716125,
      0.7233999967575073,
      0.567015528678894,
      0.8368726372718811,
      0.05387520790100098,
      0.6859632730484009,
      0.9813932180404663,
      0.053703904151916504,
      0.30094432830810547,
      0.8058044910430908,
      0.1558312177658081,
      0.2427535057067871,
      0.9756299257278442,
      0.05643963813781738,
      0.7585774660110474,
      0.5112638473510742,
      0.7927147150039673,
      0.4513590335845947,
      0.03457999229431152,
      0.7658027410507202
    ],
    "2": [
      0.2286531776189804,
      0.7803513407707214,
      0.675905168056488,
      0.5195457935333252,
      0.11347517371177673,
      0.4448245167732239,
      0.8896666765213013,
      0.9117441177368164,
      1.0,
      0.7845593690872192,
      0.6804009675979614,
      0.21449816226959229,
      0.25770580768585205,
      0.6879385113716125,
      0.7233999967575073,
      0.567015528678894,
      0.8368726372718811,
      0.05387520790100098,
      0.6859632730484009,
      0.9813932180404663,
      0.053703904151916504,
      0.30094432830810547,
      0.8058044910430908,
      0.1558312177658081,
      0.2427535057067871,
      0.9756299257278442,
      0.05643963813781738,
      0.7585774660110474,
      0.5112638473510742,
      0.7927147150039673,
      0.4513590335845947,
      0.03457999229431152,
      0.7658027410507202
    ],
    "3": [
      0.2286531776189804,
      0.7803513407707214,
      0.675905168056488,
      0.5195457935333252,
      0.11347517371177673,
      0.4448245167732239,
      0.8896666765213013,
      0.9117441177368164,
      1.0,
      0.8651794195175171,
      0.5319148898124695,
      0.21449816226959229,
      0.25770580768585205,
      0.6879385113716125,
      0.7233999967575073,
      0.567015528678894,
      0.8368726372718811,
      0.05387520790100098,
      0.6859632730484009,
      0.9813932180404663,
      0.053703904151916504,
      0.30094432830810547,
      0.8058044910430908,
      0.1558312177658081,
      0.2427535057067871,
      0.9756299257278442,
      0.05643963813781738,
      0.7585774660110474,
      0.5112638473510742,
      0.7927147150039673,
      0.4513590335845947,
      0.03457999229431152,
      0.7658027410507202
    ]
  }
}
