{
  "cols": 33,
  "data": {
    "0": [
      0.0,
      0.9235244989395142,
      0.8723306059837341,
      0.9995039701461792,
      0.3968394696712494,
      0.6092067956924438,
      1.0,
      0.999802827835083,
      0.999994695186615,
      0.06173292174935341,
      0.44028979539871216,
      0.23779918253421783,
      0.0,
      0.28310832381248474,
      0.10587605088949203,
      0.40437111258506775,
      7.64591313782148e-05,
      0.5123690366744995,
      0.7654638290405273,
      0.5679540634155273,
      0.00041997956577688456,
      0.2940617501735687,
      0.5347983241081238,
      0.469313383102417,
      0.4563409090042114,
      0.518747866153717,
      0.5285102128982544,
      0.5069718360900879,
      0.0,
      0.28154557943344116,
      0.5371859073638916,
      0.8220481276512146,
      0.0
    ],
    "1": [
      0.0,
      0.9235244989395142,
      0.8723306059837341,
      0.9995039701461792,
      0.3968394696712494,
      0.6092067956924438,
      1.0,
      0.999802827835083,
      0.999994695186615,
      0.06173292174935341,
      0.44028979539871216,
      0.23779918253421783,
      0.0,
      0.8368794322013855,
      0.588700532913208,
      0.6084024310112,
      0.45390069484710693,
      0.5123690366744995,
      0.7654638290405273,
      0.5679540634155273,
      0.00041997956577688456,
      0.2940617501735687,
      0.5347983241081238,
      0.469313383102417,
      0.4563409090042114,
      0.518747866153717,
      0.5285102128982544,
      0.5069718360900879,
      0.0,
      0.28154557943344116,
      0.5371859073638916,
      0.8220481276512146,
      0.0
    ],
    "2": [
      0.042553190141916275,
      0.9235244989395142,
      0.8723306059837341,
      0.9995039701461792,
      0.3968394696712494,
      0.07801418006420135,
      0.7446808218955994,
      0.716312050819397,
      0.999994695186615,
      0.06173292174935341,
      0.44028979539871216,
      0.23779918253421783,
      0.0,
      0.8368794322013855,
      0.588700532913208,
      0.6084024310112,
      0.45390069484710693,
      0.5123690366744995,
      0.7654638290405273,
      0.5679540634155273,
      0.00041997956577688456,
      0.2940617501735687,
      0.5347983241081238,
      0.469313383102417,
      0.4563409090042114,
      0.518747866153717,
      0.5285102128982544,
      0.5069718360900879,
      0.0,
      1.0,
      1.0,
      0.569060206413269,
      0.7943261861801147
    ],
    "3": [
      0.12056737393140793,
      0.9235244989395142,
      0.8723306059837341,
      0.9995039701461792,
      0.3968394696712494,
      0.1773049533367157,
      1.0,
      1.0,
      0.999994695186615,
      0.06173292174935341,
      0.44028979539871216,
      0.23779918253421783,
      0.5390070676803589,
      0.8368794322013855,
      0.588700532913208,
      0.6084024310112,
      0.45390069484710693,
      0.5123690366744995,
      0.7654638290405273,
      0.5679540634155273,
      0.32570794224739075,
      0.42871007323265076,
      0.5347983241081238,
      0.469313383102417,
      0.8101887106895447,
      0.7003508806228638,
      0.5285102128982544,
      0.5069718360900879,
      0.0,
      0.7090415954589844,
      0.721921443939209,
      0.4951205253601074,
      0.7943261861801147
    ]
  }
}
