{
  "cols": 33,
  "data": {
    "0": [
      0.749860942363739,
      0.4876280426979065,
      0.46085941791534424,
      0.44768911600112915,
      0.6294260621070862,
      0.7493401765823364,
      0.14424347877502441,
      0.5935324430465698,
      0.3273274302482605,
      0.8759079575538635,
      0.603337824344635,
      0.5847702026367188,
      0.44828465580940247,
      0.12854771316051483,
      0.8330562710762024,
      0.28210729360580444,
      0.8700398802757263,
      0.5320297479629517,
      0.620647668838501,
      0.40786662697792053,
      0.343399316072464,
      0.40177053213119507,
      0.8339201807975769,
      0.4924688935279846,
      0.5786451101303101,
      0.7339326739311218,
      0.6391991376876831,
      0.4502345025539398,
      0.17417320609092712,
      0.5269259214401245,
      0.49181801080703735,
      0.17298395931720734,
      0.8318625092506409
    ],
    "1": [
      0.1300959587097168,
      0.24949979782104492,
      0.8485634326934814,
      0.3783324956893921,
      0.9570746421813965,
      0.5787206888198853,
      0.7013629674911499,
      0.02636277675628662,
      0.14521312713623047,
      0.4062309265136719,
      0.23884284496307373,
      0.09900104999542236,
      0.4813932180404663,
      0.20951592922210693,
      0.4560723304748535,
      0.10381531715393066,
      0.6054880619049072,
      0.36514174938201904,
      0.18301522731781006,
      0.5126787424087524,
      0.3857227563858032,
      0.15205681324005127,
      0.1545424461364746,
      0.48620033264160156,
      0.9981125593185425,
      0.5887502431869507,
      0.01586008071899414,
      0.02961134910583496,
      0.26026320457458496,
      0.8810203075408936,
      0.275429368019104,
      0.9065215587615967,
      0.03312969207763672
    ],
    "2": [
      0.637732982635498,
      0.616593599319458,
      0.5319148898124695,
      0.42553189396858215,
      0.6294260621070862,
      0.5276687741279602,
      0.8652482032775879,
      0.2268548309803009,
      0.7162945866584778,
      0.8759079575538635,
      0.603337824344635,
      0.5847702026367188,
      0.44828465580940247,
      0.12854771316051483,
      0.8330562710762024,
      0.28210729360580444,
      0.8700398802757263,
      0.5320297479629517,
      0.620647668838501,
      0.40786662697792053,
      0.343399316072464,
      0.40177053213119507,
      0.8339201807975769,
      0.4924688935279846,
      0.5786451101303101,
      0.7339326739311218,
      0.6391991376876831,
      0.4502345025539398,
      0.17417320609092712,
      0.5269259214401245,
      0.49181801080703735,
      0.17298395931720734,
      0.8318625092506409
    ],
    "3": [
      0.637732982635498,
      0.616593599319458,
      0.5319148898124695,
      0.42553189396858215,
      0.6294260621070862,
      0.014184396713972092,
      0.8652482032775879,
      0.2268548309803009,
      0.6536742448806763,
      0.22693368792533875,
      0.603337824344635,
      0.0,
      0.44828465580940247,
      0.12854771316051483,
      0.49335721135139465,
      0.28210729360580444,
      0.7145118713378906,
      0.48814353346824646,
      0.620647668838501,
      0.40786662697792053,
      0.343399316072464,
      0.40177053213119507,
      0.8339201807975769,
      0.5541788339614868,
      0.1722906529903412,
      0.8784511089324951,
      0.6391991376876831,
      0.4502345025539398,
      0.4274018108844757,
      0.5269259214401245,
      0.5809515714645386,
      0.377362996339798,
      0.8318625092506409
    ]
  }
}
