{
  "cols": 33,
  "data": {
    "2": [
      0.8981397151947021,
      0.9775564670562744,
      0.1233968734741211,
      0.28909504413604736,
      0.7004740238189697,
      0.18287813663482666,
      0.9933253526687622,
      0.13232898712158203,
      0.7645995616912842,
      0.6647375822067261,
      0.6679903268814087,
      0.9961323738098145,
      0.12656521797180176,
      0.8143811225891113,
      0.1664600372314453,
      0.4123866558074951,
      0.2765800952911377,
      0.5912476778030396,
      0.9938113689422607,
      0.18216228485107422,
      0.6556302309036255,
      0.1641998291015625,
      0.007117748260498047,
      0.6436189413070679,
      0.2977488040924072,
      0.9545068740844727,
      0.6282978057861328,
      0.9786509275436401,
      0.972520112991333,
      0.8859562873840332,
      0.4868185520172119,
      0.7146462202072144,
      0.3854132890701294
    ],
    "3": [
      0.10638297349214554,
      0.18499155342578888,
      0.1233968734741211,
      0.28909504413604736,
      0.7004740238189697,
      0.18287813663482666,
      0.588652491569519,
      0.4964492917060852,
      0.9361701607704163,
      0.6647375822067261,
      0.6679903268814087,
      0.4142496883869171,
      0.6998974084854126,
      0.8143811225891113,
      0.1664600372314453,
      0.4123866558074951,
      0.21981947124004364,
      0.42493411898612976,
      0.6865634322166443,
      0.18216228485107422,
      0.7463624477386475,
      0.42553189396858215,
      0.007117748260498047,
      0.35012921690940857,
      0.40409141778945923,
      0.9545068740844727,
      0.6282978057861328,
      0.9786509275436401,
      0.5946371555328369,
      0.8859562873840332,
      0.4868185520172119,
      0.7146462202072144,
      0.3854132890701294
    ],
    "4": [
      0.7507225871086121,
      0.9175268411636353,
      0.3578633964061737,
      0.4898797273635864,
      0.4526715874671936,
      0.1492374986410141,
      0.7336111068725586,
      0.4610118567943573,
      0.573355495929718,
      0.7335713505744934,
      0.7421560883522034,
      0.9836442470550537,
      0.4982735514640808,
      0.5383747220039368,
      0.616441547870636,
      0.5156609416007996,
      0.5403789281845093,
      0.6661422848701477,
      0.9734616279602051,
      0.2302863746881485,
      0.29679110646247864,
      0.2664487659931183,
      0.3015071451663971,
      0.6433811187744141,
      0.3420744240283966,
      0.5845617055892944,
      0.789433479309082,
      0.8174376487731934,
      0.6183181405067444,
      0.5196440815925598,
      0.49625545740127563,
      0.7527446746826172,
      0.6448961496353149
    ],
    "5": [
      0.9574702978134155,
      0.1849432736635208,
      0.12375418096780777,
      0.28937193751335144,
      0.7006374597549438,
      0.18401119112968445,
      0.5876107811927795,
      0.4963741898536682,
      0.9364350438117981,
      0.664256751537323,
      0.6674532890319824,
      0.41493308544158936,
      0.7000951170921326,
      0.813962996006012,
      0.16676729917526245,
      0.41288575530052185,
      0.22024309635162354,
      0.4247360825538635,
      0.6858669519424438,
      0.18236994743347168,
      0.7464454770088196,
      0.4253324866294861,
      0.007625892758369446,
      0.3500680923461914,
      0.404923677444458,
      0.9513568878173828,
      0.6280351877212524,
      0.977813720703125,
      0.5932477116584778,
      0.8853858709335327,
      0.4861624240875244,
      0.7141965627670288,
      0.3861563801765442
    ],
    "6": [
      0.5492395162582397,
      0.6756248474121094,
      0.29669368267059326,
      0.46698105335235596,
      0.8613599538803101,
      0.12352502346038818,
      0.5745924711227417,
      0.6460388898849487,
      0.7602847814559937,
      0.5738924741744995,
      0.5320905447006226,
      0.4327962398529053,
      0.23827385902404785,
      0.44264400005340576,
      0.3304924964904785,
      0.6145509481430054,
      0.08282780647277832,
      0.635954737663269,
      0.4022458791732788,
      0.31377899646759033,
      0.7636969089508057,
      0.7165323495864868,
      0.8881880044937134,
      0.07112264633178711,
      0.6751978397369385,
      0.8801174163818359,
      0.7991243600845337,
      0.7020300626754761,
      0.18735933303833008,
      0.08209967613220215,
      0.37387585639953613,
      0.4914654493331909,
      0.42410194873809814
    ]
  }
}
