{
  "cols": 33,
  "data": {
    "0": [
      0.9005088806152344,
      0.3464333117008209,
      0.48460954427719116,
      0.013529260642826557,
      0.9632219076156616,
      0.03613533452153206,
      0.9407532215118408,
      0.5133377313613892,
      0.8011532425880432,
      0.4592477083206177,
      0.9876384735107422,
      0.847231924533844,
      0.9379034042358398,
      0.056678660213947296,
      0.2680157423019409,
      0.09772801399230957,
      0.9551119804382324,
      0.38548287749290466,
      0.9149898290634155,
      0.16202643513679504,
      0.9602137207984924,
      0.7173191905021667,
      0.6176754236221313,
      0.620884120464325,
      0.6494988203048706,
      0.708014190196991,
      0.08309665322303772,
      0.19729676842689514,
      0.26734110713005066,
      0.12626029551029205,
      0.14137104153633118,
      0.4486449360847473,
      0.9965535998344421
    ],
    "1": [
      0.9005088806152344,
      0.3464333117008209,
      0.48460954427719116,
      0.5161251425743103,
      0.7193282246589661,
      0.9553166627883911,
      0.9407532215118408,
      0.5133377313613892,
      0.21985815465450287,
      0.4592477083206177,
      0.9876384735107422,
      0.847231924533844,
      0.9379034042358398,
      0.056678660213947296,
      0.2680157423019409,
      0.09772801399230957,
      0.9551119804382324,
      0.38548287749290466,
      0.9149898290634155,
      0.16202643513679504,
      0.964523434638977,
      0.4675135612487793,
      0.9999175071716309,
      0.23570941388607025,
      0.405396968126297,
      0.8558592796325684,
      0.3948626220226288,
      0.3973749279975891,
      0.7906790971755981,
      0.818113386631012,
      0.503097414970398,
      0.7482707500457764,
      0.7074514031410217
    ],
    "2": [
      0.2028568983078003,
      0.31233668327331543,
      0.1914893537759781,
      0.5161251425743103,
      0.7193282246589661,
      0.9553166627883911,
      0.9407532215118408,
      0.5133377313613892,
      0.8931187391281128,
      0.5676313042640686,
      0.9876384735107422,
      0.847231924533844,
      0.9379034042358398,
      0.056678660213947296,
      0.2680157423019409,
      0.09772801399230957,
      0.9551119804382324,
      0.38548287749290466,
      0.9149898290634155,
      0.1489361673593521,
      0.10638297349214554,
      0.865390956401825,
      0.9999175071716309,
      0.23570941388607025,
      0.405396968126297,
      0.8558592796325684,
      0.3948626220226288,
      0.3973749279975891,
      0.7906790971755981,
      0.818113386631012,
      0.503097414970398,
      0.7482707500457764,
      0.7074514031410217
    ],
    "3": [
      0.28426873683929443,
      0.41996312141418457,
      0.6203947067260742,
      0.4600038528442383,
      0.3559035062789917,
      0.8386552333831787,
      0.20100390911102295,
      0.3248084783554077,
      0.6475883722305298,
      0.9387357234954834,
      0.8598634004592896,
      0.2846575975418091,
      0.410280704498291,
      0.39976179599761963,
      0.17208647727966309,
      0.18955481052398682,
      0.40819621086120605,
      0.8435676097869873,
      0.2593212127685547,
      0.3952291011810303,
      0.8335986137390137,
      0.7395347356796265,
      0.6453419923782349,
      0.6316558122634888,
      0.792833685874939,
      0.6156834363937378,
      0.5939011573791504,
      0.40197086334228516,
      0.44960343837738037,
      0.15429985523223877,
      0.6955294609069824,
      0.5273550748825073,
      0.20253396034240723
    ],
    "4": [
      0.2553147077560425,
      0.39629030227661133,
      0.9415851831436157,
      0.6110718250274658,
      0.354822039604187,
      0.864626407623291,
      0.2146850824356079,
      0.8200280666351318,
      0.44804859161376953,
      0.3273165225982666,
      0.6812711954116821,
      0.8265619277954102,
      0.18822133541107178,
      0.8769452571868896,
      0.12346446514129639,
      0.31072282791137695,
      0.33829522132873535,
      0.02869713306427002,
      0.9363701343536377,
      0.2999323606491089,
      0.13962984085083008,
      0.7411363124847412,
      0.43060123920440674,
      0.06982660293579102,
      0.6242111921310425,
      0.3635120391845703,
      0.895317554473877,
      0.7587587833404541,
      0.40963876247406006,
      0.6541744470596313,
      0.32304537296295166,
      0.17591285705566406,
      0.2575266361236572
    ]
  }
}
