{
  "cols": 33,
  "data": {
    "0": [
      0.0,
      0.4939132034778595,
      0.49722498655319214,
      0.737621009349823,
      0.5153593420982361,
      0.3617783784866333,
      1.0,
      1.0,
      0.22700423002243042,
      0.23994600772857666,
      0.7054895162582397,
      0.12754201889038086,
      0.0,
      0.39053452014923096,
      0.8013076782226563,
      0.30672788619995117,
      0.39730513095855713,
      0.31218671798706055,
      0.4761291742324829,
      0.2058873176574707,
      0.08026671409606934,
      0.7255998849868774,
      0.8468030691146851,
      0.9108610153198242,
      0.8385584354400635,
      0.7280545234680176,
      0.8506022691726685,
      0.41520118713378906,
      0.27678000926971436,
      0.30532777309417725,
      0.3737705945968628,
      0.49853742122650146,
      0.2921501398086548
    ],
    "1": [
      5.78151684749173e-06,
      0.4268680512905121,
      0.42639636993408203,
      0.737621009349823,
      0.07801418006420135,
      0.3617783784866333,
      0.2126227170228958,
      0.21255995333194733,
      0.22700423002243042,
      0.23994600772857666,
      0.7054895162582397,
      0.12754201889038086,
      0.0,
      0.39053452014923096,
      0.8013076782226563,
      0.30672788619995117,
      0.39730513095855713,
      0.31218671798706055,
      0.4761291742324829,
      0.2058873176574707,
      0.08026671409606934,
      0.7255998849868774,
      0.8468030691146851,
      0.9108610153198242,
      0.8385584354400635,
      0.7280545234680176,
      0.8506022691726685,
      0.41520118713378906,
      0.27678000926971436,
      0.30532777309417725,
      0.3737705945968628,
      0.49853742122650146,
      0.2921501398086548
    ],
    "2": [
      1.0,
      0.0,
      0.10658331215381622,
      0.04965314641594887,
      0.9999946355819702,
      0.3617783784866333,
      0.9078013896942139,
      0.8936169743537903,
      0.22700423002243042,
      0.23994600772857666,
      0.7054895162582397,
      0.12754201889038086,
      0.7495748996734619,
      0.39053452014923096,
      0.7768299579620361,
      0.5626002550125122,
      0.42241737246513367,
      0.5376987457275391,
      0.6086079478263855,
      0.7703302502632141,
      0.4370044469833374,
      0.9367835521697998,
      0.09086505323648453,
      0.4554789066314697,
      0.4262470602989197,
      0.46320244669914246,
      0.4595044255256653,
      0.9156096577644348,
      0.9967944622039795,
      0.3245077431201935,
      0.68915194272995,
      0.8727919459342957,
      0.2909006178379059
    ]
  }
}
