{
  "cols": 33,
  "data": {
    "0": [
      0.7617782354354858,
      0.5059669017791748,
      0.4188568592071533,
      0.5251390933990479,
      0.2550539970397949,
      0.7417588233947754,
      0.29679346084594727,
      0.6543983221054077,
      0.03329646587371826,
      0.11290466785430908,
      0.8185529708862305,
      0.9782456159591675,
      0.34156179428100586,
      0.5415724515914917,
      0.09391283988952637,
      0.7028142213821411,
      0.1038060188293457,
      0.9810448884963989,
      0.929833173751831,
      0.8650028705596924,
      0.41143298149108887,
      0.18789100646972656,
      0.47645890712738037,
      0.3160972595214844,
      0.7329035997390747,
      0.5179619789123535,
      0.5193668603897095,
      0.15781962871551514,
      0.947972297668457,
      0.08299887180328369,
      0.6246309280395508,
      0.9328559637069702,
      0.17957448959350586
    ],
    "1": [
      0.7062795758247375,
      0.5059669017791748,
      0.4188568592071533,
      0.5251390933990479,
      0.2550539970397949,
      0.7417588233947754,
      0.29679346084594727,
      0.6543983221054077,
      1.0,
      0.11290466785430908,
      0.5106382966041565,
      0.9782456159591675,
      0.34156179428100586,
      0.5415724515914917,
      0.09391283988952637,
      0.7028142213821411,
      0.1038060188293457,
      0.9810448884963989,
      0.929833173751831,
      0.8650028705596924,
      0.41143298149108887,
      0.18789100646972656,
      0.47645890712738037,
      0.3160972595214844,
      0.7329035997390747,
      0.5179619789123535,
      0.5193668603897095,
      0.15781962871551514,
      0.947972297668457,
      0.08299887180328369,
      0.6246309280395508,
      0.9328559637069702,
      0.17957448959350586
    ],
    "2": [
      0.2689032256603241,
      0.1489361673593521,
      0.06382978707551956,
      0.5251390933990479,
      0.2550539970397949,
      0.5033831000328064,
      1.0,
      0.7893106937408447,
      1.0,
      0.11290466785430908,
      0.5106382966041565,
      0.9782456159591675,
      0.7138223052024841,
      0.5827133655548096,
      0.09391283988952637,
      0.7028142213821411,
      0.1038060188293457,
      0.9810448884963989,
      0.929833173751831,
      0.8650028705596924,
      0.41143298149108887,
      0.18789100646972656,
      0.47645890712738037,
      0.3160972595214844,
      0.7329035997390747,
      0.5179619789123535,
      0.5193668603897095,
      0.15781962871551514,
      0.947972297668457,
      0.08299887180328369,
      0.6246309280395508,
      0.9328559637069702,
      0.17957448959350586
    ],
    "3": [
      0.8011206984519958,
      0.5299438238143921,
      0.09218208491802216,
      0.5251390933990479,
      0.2550539970397949,
      0.773045539855957,
      1.0,
      1.0,
      0.9999931454658508,
      0.3890155255794525,
      0.5106382966041565,
      0.9782456159591675,
      0.7138223052024841,
      0.5827133655548096,
      0.09391283988952637,
      0.7028142213821411,
      0.1038060188293457,
      0.9810448884963989,
      0.929833173751831,
      0.8650028705596924,
      0.41143298149108887,
      0.18789100646972656,
      0.47645890712738037,
      0.5320299863815308,
      0.7329035997390747,
      0.5179619789123535,
      0.5193668603897095,
      0.536276638507843,
      0.674784779548645,
      0.5360461473464966,
      0.6246309280395508,
      0.9328559637069702,
      0.17957448959350586
    ],
    "4": [
      0.7416580319404602,
      0.48611509799957275,
      0.386707067489624,
      0.4811771512031555,
      0.27576571702957153,
      0.7537320852279663,
      0.42281490564346313,
      0.6890377402305603,
      0.6813945770263672,
      0.13306161761283875,
      0.6917245388031006,
      0.9905651807785034,
      0.3908899426460266,
      0.5359949469566345,
      0.110702283680439,
      0.7149832248687744,
      0.1259465515613556,
      0.984902024269104,
      0.9166852831840515,
      0.8564857244491577,
      0.4240526854991913,
      0.1917421817779541,
      0.47768935561180115,
      0.34654706716537476,
      0.7098580002784729,
      0.4898397624492645,
      0.4916381537914276,
      0.20112504065036774,
      0.9486247897148132,
      0.12243999540805817,
      0.6223737001419067,
      0.912535548210144,
      0.17663702368736267
    ],
    "5": [
      0.5713791847229004,
      0.3171469271183014,
      0.11353498697280884,
      0.5095475316047668,
      0.2614890933036804,
      0.6582532525062561,
      0.9776780605316162,
      0.8887113332748413,
      0.9996193051338196,
      0.19321882724761963,
      0.5497561693191528,
      0.9926883578300476,
      0.6680099368095398,
      0.5685657858848572,
      0.10108039528131485,
      0.7083446979522705,
      0.11248882859945297,
      0.990260660648346,
      0.9231610894203186,
      0.8613125681877136,
      0.4185228645801544,
      0.19359490275382996,
      0.46307921409606934,
      0.40722450613975525,
      0.7201968431472778,
      0.49732404947280884,
      0.5022329092025757,
      0.30335554480552673,
      0.8772240281105042,
      0.2137596607208252,
      0.6174076795578003,
      0.9234234690666199,
      0.1831406056880951
    ]
  }
}
