{
  "cols": 4,
  "data": {
    "0": [
      0.0,
      0.41587913036346,
      0.0,
      0.47580644488335
    ],
    "1": [
      1.0,
      0.53636240959167,
      1.0,
      0.57228595018387
    ],
    "2": [
      0.31557366251945,
      0.46791526675224,
      0.4596773982048,
      0.50161117315292
    ],
    "3": [
      0.46774190664291,
      1.0,
      0.51336288452148,
      1.0
    ],
    "4": [
      0.494354814291,
      0.0,
      0.49193829298019,
      0.0
    ]
  }
}
