{
  "cols": 4,
  "data": {
    "0": [
      7.0438345574075e-06,
      0.0,
      0.0,
      0.0069074416533113
    ],
    "1": [
      0.0,
      1.0,
      0.0,
      0.99996137619019
    ],
    "2": [
      1.0,
      1.0,
      1.0,
      1.0
    ],
    "3": [
      0.99847549200058,
      0.0,
      0.99610990285873,
      0.002883447567001
    ]
  }
}
