{
  "cols": 4,
  "data": {
    "0": [
      0.0,
      1.9064002117375e-05,
      0.0,
      1.2234902897035e-05
    ],
    "1": [
      0.0,
      0.53225803375244,
      0.0,
      0.5241935253143301
    ],
    "2": [
      0.95900690555573,
      0.99999439716339,
      1.0,
      1.0
    ],
    "3": [
      1.0,
      0.51612901687622,
      1.0,
      0.54838705062866
    ],
    "4": [
      1.0,
      0.0,
      1.0,
      0.0
    ],
    "5": [
      0.0,
      0.99991673231125,
      0.0,
      1.0
    ]
  }
}
