{
  "cols": 4,
  "data": {
    "0": [
      0.045161288231611,
      0.0019362904131413,
      1.0,
      0.0
    ],
    "1": [
      1.0,
      0.0,
      0.088713623583317,
      0.0
    ],
    "2": [
      1.0,
      0.98268556594849,
      0.036637097597122,
      0.99239408969879
    ],
    "3": [
      0.016135856509209,
      1.0,
      1.0,
      0.98387092351913
    ]
  }
}
