{
  "cols": 4,
  "data": {
    "0": [
      0.50933333333333,
      0.0,
      0.53333333333333,
      0.0
    ],
    "1": [
      0.0,
      0.48412698412698,
      0.0,
      0.48412698412698
    ],
    "2": [
      0.0,
      1.0,
      0.0,
      1.0
    ],
    "3": [
      0.49999743700027,
      1.0,
      0.40046828985214,
      1.0
    ],
    "4": [
      0.99994903802872,
      0.99997675418854,
      0.99985760450363,
      0.93499171733856
    ],
    "5": [
      1.0,
      0.44194567203522,
      0.99159681797028,
      0.42645382881165
    ]
  }
}
