{
  "cols": 53,
  "data": {
    "0": [
      0.43981567025185,
      0.99988967180252,
      0.54382330179214,
      0.9220517873764,
      0.00633904337883,
      0.12340425699949,
      0.73942416906357,
      0.81695091724396,
      0.021926185116172,
      0.10659258812666,
      0.22341901063919,
      0.0,
      0.18203870952129,
      0.0,
      0.1028151512146,
      0.0,
      0.0,
      0.14169284701347,
      0.4075733423233,
      0.075357899069786,
      0.36881870031357,
      0.47343149781227,
      0.12765957415104,
      0.10169281810522,
      0.29231867194176,
      0.3414086997509,
      0.46621322631836,
      0.74443781375885,
      0.29313766956329,
      0.88339447975159,
      0.2583270072937,
      0.36879432201385,
      0.74138075113297,
      0.12091269344091,
      0.93155610561371,
      0.18936169147491,
      0.78150737285614,
      0.19298046827316,
      0.24895972013474,
      0.46699193120003,
      0.00028528057737276,
      0.317855656147,
      0.84297525882721,
      0.00013891891285311,
      0.48933705687523,
      0.10740552097559,
      0.96950352191925,
      0.69501537084579,
      0.27507883310318,
      0.33176305890083,
      0.15598918497562,
      0.82931649684906,
      0.0022622963879257
    ],
    "1": [
      0.43981567025185,
      0.99988967180252,
      0.54382330179214,
      0.9220517873764,
      0.00633904337883,
      0.60780143737793,
      0.73942416906357,
      0.81695091724396,
      0.31205672025681,
      0.37624925374985,
      0.59926337003708,
      0.22004190087318,
      0.44682124257088,
      0.33333897590637,
      0.049535904079676,
      0.65939152240753,
      0.036917645484209,
      0.045498695224524,
      0.32625278830528,
      0.0,
      0.49645388126373,
      0.47343149781227,
      0.65035462379456,
      0.10169281810522,
      0.29231867194176,
      0.3414086997509,
      0.19844569265842,
      0.60983484983444,
      0.63109886646271,
      0.82978391647339,
      0.13387121260166,
      0.83390158414841,
      0.74138075113297,
      0.12091269344091,
      0.93155610561371,
      0.18936169147491,
      0.78150737285614,
      0.19298046827316,
      0.24895972013474,
      0.46699193120003,
      0.25027045607567,
      0.317855656147,
      0.84297525882721,
      0.21773718297482,
      0.80826264619827,
      0.10740552097559,
      0.55162572860718,
      0.69501537084579,
      0.27507883310318,
      0.78730815649033,
      0.49525117874146,
      0.5896418094635,
      0.26008486747742
    ],
    "2": [
      0.53900283575058,
      0.91489672660828,
      0.54382330179214,
      0.99902373552322,
      0.99998420476913,
      0.96453899145126,
      0.73942416906357,
      0.81695091724396,
      0.60032021999359,
      0.30000910162926,
      0.56863886117935,
      0.31537139415741,
      0.74277126789093,
      0.0064604030922055,
      0.73531693220139,
      0.32859855890274,
      0.78014183044434,
      0.65738183259964,
      0.091214723885059,
      0.3734555542469,
      0.24696204066277,
      0.51016312837601,
      0.47265499830246,
      0.10169281810522,
      0.29231867194176,
      0.0017688234802336,
      0.052667196840048,
      0.010013548657298,
      0.0024265248794109,
      0.0042093568481505,
      0.0032139113172889,
      0.70709443092346,
      0.38297563791275,
      0.42534390091896,
      0.0016845860518515,
      0.0094185583293438,
      0.0080651855096221,
      2.921970008174e-06,
      0.0047177653759718,
      0.0020935733336955,
      0.00016908693942241,
      0.32628208398819,
      0.66675871610641,
      1.8452114090906e-05,
      0.66946852207184,
      0.028985431417823,
      0.77642834186554,
      0.0092465244233608,
      0.013318058103323,
      0.014445992186666,
      0.015338104218245,
      0.43472227454185,
      0.0053254091180861
    ],
    "3": [
      0.53900283575058,
      0.91489672660828,
      0.54382330179214,
      0.99902373552322,
      0.001797326374799,
      0.57231640815735,
      0.2836879491806,
      0.81695091724396,
      0.60032021999359,
      0.30000910162926,
      0.56863886117935,
      0.31537139415741,
      0.74277126789093,
      0.0064604030922055,
      0.0,
      0.52233242988586,
      0.78014183044434,
      0.65738183259964,
      0.091214723885059,
      0.3734555542469,
      0.043536450713873,
      0.51016312837601,
      0.46176245808601,
      0.042339067906141,
      0.29231867194176,
      0.12069008499384,
      0.49603888392448,
      0.44081395864487,
      0.4040253162384,
      0.71448373794556,
      0.0032139113172889,
      0.51690965890884,
      0.19859351217747,
      0.45044487714767,
      0.0016845860518515,
      0.0094185583293438,
      0.0080651855096221,
      2.921970008174e-06,
      0.0047177653759718,
      0.0020935733336955,
      0.63900703191757,
      0.32628208398819,
      0.66675871610641,
      1.8452114090906e-05,
      0.66946852207184,
      0.47057494521141,
      0.77642834186554,
      0.0092465244233608,
      0.013318058103323,
      0.014445992186666,
      0.015338104218245,
      0.43472227454185,
      0.0053254091180861
    ]
  }
}
