{
  "cols": 4,
  "data": {
    "0": [
      0.003566204570233822,
      0.997611403465271,
      0.0009080767631530762,
      0.9941791296005249
    ],
    "1": [
      0.9985995888710022,
      0.99702388048172,
      0.9916292428970337,
      0.9946231245994568
    ],
    "2": [
      0.9930312037467957,
      0.002478953218087554,
      0.9951309561729431,
      0.002854598220437765
    ],
    "3": [
      0.00577935017645359,
      0.004143643658608198,
      0.0027274582535028458,
      0.019124332815408707
    ]
  }
}
