{
  "cols": 4,
  "data": {
    "0": [
      0.006800353527069092,
      0.9985929727554321,
      0.003399902954697609,
      0.9959161877632141
    ],
    "2": [
      0.9931315183639526,
      0.9925662875175476,
      0.9993780255317688,
      0.9936715960502625
    ],
    "3": [
      0.9936928153038025,
      0.0037135938182473183,
      0.9968195557594299,
      0.004489906132221222
    ],
    "4": [
      0.006397330202162266,
      4.5607263018609956e-05,
      0.007310135290026665,
      0.006698824930936098
    ],
    "5": [
      0.9557386040687561,
      0.4770922362804413,
      0.01092969998717308,
      0.5666638612747192
    ]
  }
}
