{
  "cols": 4,
  "data": {
    "0": [
      0.0013187294825911522,
      0.002424493432044983,
      0.009886244311928749,
      0.001043524593114853
    ],
    "1": [
      0.0018195174634456635,
      0.9869868159294128,
      0.005653827451169491,
      0.9919562339782715
    ],
    "2": [
      0.9956787824630737,
      0.996880054473877,
      0.9962442517280579,
      0.9977641105651855
    ],
    "3": [
      0.994896411895752,
      0.0061582704074680805,
      0.9960592985153198,
      0.006001981906592846
    ]
  }
}
