{
  "cols": 4,
  "data": {
    "0": [
      0.00301419198513031,
      0.9962146878242493,
      0.0009143175557255745,
      0.9962264895439148
    ],
    "1": [
      0.9968845844268799,
      0.9962146878242493,
      0.9984490871429443,
      0.9993568658828735
    ],
    "2": [
      0.45925334095954895,
      0.5089910626411438,
      0.4582340121269226,
      0.5965759754180908
    ],
    "3": [
      0.9817501902580261,
      0.0014111334457993507,
      0.005168713629245758,
      0.0037807216867804527
    ],
    "4": [
      0.0024769222363829613,
      0.0042151352390646935,
      0.9929301738739014,
      0.0027083558961749077
    ]
  }
}
