{
  "cols": 4,
  "data": {
    "0": [
      0.0001912405714392662,
      0.4832216203212738,
      0.0008227536454796791,
      0.44586753845214844
    ],
    "1": [
      0.568584144115448,
      0.9927066564559937,
      0.44011786580085754,
      0.9954537749290466
    ],
    "2": [
      0.9979666471481323,
      0.5190562009811401,
      0.9932153224945068,
      0.5606361031532288
    ],
    "3": [
      0.536257803440094,
      0.0032030167058110237,
      0.45743727684020996,
      0.0012159254401922226
    ],
    "4": [
      0.00040703825652599335,
      0.48187118768692017,
      0.9980285167694092,
      0.5208153128623962
    ]
  }
}
