{
  "cols": 4,
  "data": {
    "0": [
      0.9659229516983032,
      0.9973346590995789,
      0.002657118020579219,
      0.9941890835762024
    ],
    "1": [
      0.06313857436180115,
      0.9943743944168091,
      0.9922627210617065,
      0.9956589937210083
    ],
    "2": [
      0.006274198181927204,
      0.0035687675699591637,
      0.9992430806159973,
      0.0011598626151680946
    ],
    "3": [
      0.9981456995010376,
      0.0038309255614876747,
      0.02259913459420204,
      0.0073160771280527115
    ]
  }
}
