{
  "cols": 4,
  "data": {
    "0": [
      0.0025471653789281845,
      0.00488688051700592,
      0.00579576101154089,
      0.007241831161081791
    ],
    "1": [
      0.0025471653789281845,
      0.00488688051700592,
      0.9980448484420776,
      0.007241831161081791
    ],
    "2": [
      0.9940909743309021,
      0.00488688051700592,
      0.9980448484420776,
      0.007241831161081791
    ],
    "3": [
      0.993522584438324,
      0.9974737763404846,
      0.9956120848655701,
      0.9961636066436768
    ],
    "4": [
      0.007215019315481186,
      0.9974737763404846,
      0.9956120848655701,
      0.9961636066436768
    ],
    "5": [
      0.007215019315481186,
      0.9974737763404846,
      0.005685724318027496,
      0.9949424266815186
    ]
  }
}
