{
  "cols": 4,
  "data": {
    "0": [
      0.004629830829799175,
      0.9998115301132202,
      0.007329772226512432,
      0.9952391386032104
    ],
    "1": [
      0.9983431100845337,
      0.9946562647819519,
      0.9944741725921631,
      0.993212103843689
    ],
    "2": [
      0.9983431100845337,
      0.0013587241992354393,
      0.9944741725921631,
      0.0053700655698776245
    ],
    "3": [
      0.0001709628850221634,
      0.0006838366389274597,
      0.00429011695086956,
      0.0033249342814087868
    ]
  }
}
