{
  "cols": 15,
  "data": {
    "0": [
      0.407453715801239,
      0.6810339689254761,
      0.5285663604736328,
      0.41818180680274963,
      0.6936936974525452,
      0.009433962404727936,
      0.0,
      0.9436966180801392,
      0.29523810744285583,
      0.0,
      0.0,
      0.4202360212802887,
      0.24192984402179718,
      0.7280701994895935,
      0.38461539149284363
    ],
    "1": [
      0.630630612373352,
      0.13636364042758942,
      0.8198198080062866,
      0.2545454502105713,
      0.6936936974525452,
      0.009433962404727936,
      0.0,
      0.9436966180801392,
      0.29523810744285583,
      0.10526315867900848,
      0.5698924660682678,
      0.8631578683853149,
      0.5428571701049805,
      0.7280701994895935,
      0.38461539149284363
    ],
    "2": [
      0.630630612373352,
      0.04545454680919647,
      0.8198198080062866,
      0.6363636255264282,
      0.6936936974525452,
      0.009433962404727936,
      0.1111111119389534,
      0.9436966180801392,
      0.1428571492433548,
      0.0,
      0.5698924660682678,
      0.8631578683853149,
      0.4571428596973419,
      0.5614035129547119,
      0.38461539149284363
    ],
    "3": [
      0.09009008854627609,
      0.15454545617103577,
      0.8198198080062866,
      0.7181817889213562,
      0.6936936974525452,
      0.009433962404727936,
      0.1111111119389534,
      0.9436966180801392,
      0.04714285582304001,
      0.0,
      0.07526881992816925,
      0.8947368264198303,
      0.01904761977493763,
      0.8070175647735596,
      0.38461539149284363
    ],
    "4": [
      0.46846845746040344,
      0.20909090340137482,
      0.8558558821678162,
      0.11818181723356247,
      0.6936936974525452,
      0.04716981202363968,
      0.1944444477558136,
      0.11214952915906906,
      1.0,
      0.0,
      0.07526881992816925,
      0.378947377204895,
      0.41904762387275696,
      0.7017543911933899,
      0.38461539149284363
    ]
  }
}
