{
  "cols": 15,
  "data": {
    "0": [
      0.7691996097564697,
      0.4022701680660248,
      0.28124791383743286,
      0.4906276762485504,
      0.45530250668525696,
      0.0,
      0.6857776045799255,
      0.4486285150051117,
      0.24561765789985657,
      0.6205915212631226,
      0.1610097587108612,
      0.6411764025688171,
      0.2531914710998535,
      0.8502104878425598,
      0.9886094331741333
    ],
    "1": [
      0.8304160833358765,
      0.5367801189422607,
      0.28124791383743286,
      0.4906276762485504,
      0.2304815948009491,
      0.03546099364757538,
      0.0,
      0.5036842226982117,
      0.6950205564498901,
      0.00029261386953294277,
      0.1610097587108612,
      0.6411764025688171,
      0.7942848205566406,
      0.8502104878425598,
      0.9886094331741333
    ],
    "2": [
      0.4115930199623108,
      0.7740908861160278,
      0.3246226906776428,
      0.9242578744888306,
      0.2827267348766327,
      0.0014615915715694427,
      0.0,
      0.5036842226982117,
      0.416333943605423,
      0.00029261386953294277,
      0.1610097587108612,
      0.6411764025688171,
      0.7942848205566406,
      0.8502104878425598,
      0.9886094331741333
    ],
    "3": [
      0.342342346906662,
      0.7454545497894287,
      0.171171173453331,
      0.8272727131843567,
      0.8648648858070374,
      0.0,
      0.34259259700775146,
      0.5327102541923523,
      0.16190476715564728,
      0.21052631735801697,
      0.19354838132858276,
      0.7157894968986511,
      0.39047619700431824,
      0.6842105388641357,
      0.7243135571479797
    ]
  }
}
