{
  "cols": 15,
  "data": {
    "0": [
      0.8252410888671875,
      0.41134750843048096,
      0.716312050819397,
      0.1489361673593521,
      0.021276595070958138,
      0.27659574151039124,
      0.0,
      0.588652491569519,
      0.0,
      0.06382978707551956,
      0.5035460591316223,
      0.73758864402771,
      0.39007091522216797,
      0.6595744490623474,
      0.9716311693191528
    ],
    "1": [
      0.45045045018196106,
      0.41134750843048096,
      0.716312050819397,
      0.1489361673593521,
      0.021276595070958138,
      0.12264151126146317,
      0.0,
      0.25233644247055054,
      0.0,
      0.06382978707551956,
      0.04301075264811516,
      0.23157894611358643,
      0.5523809790611267,
      0.6315789222717285,
      0.9716311693191528
    ],
    "2": [
      0.45045045018196106,
      0.41134750843048096,
      0.716312050819397,
      0.1489361673593521,
      0.021276595070958138,
      0.38679245114326477,
      0.0,
      0.11214952915906906,
      0.0,
      0.06382978707551956,
      0.8064516186714172,
      0.621052622795105,
      0.4952380955219269,
      0.7456140518188477,
      0.26923078298568726
    ],
    "3": [
      0.6756756901741028,
      0.20909090340137482,
      0.3243243098258972,
      0.7181817889213562,
      0.021276595070958138,
      0.03773584961891174,
      0.02777777798473835,
      0.11214952915906906,
      0.0,
      0.34736841917037964,
      0.8064516186714172,
      0.621052622795105,
      0.4952380955219269,
      0.7456140518188477,
      0.26923078298568726
    ]
  }
}
