{
  "cols": 15,
  "data": {
    "0": [
      0.3134908974170685,
      0.2679254710674286,
      0.6564086675643921,
      0.4657980501651764,
      0.5193516612052917,
      0.0,
      0.2794133424758911,
      0.5551692247390747,
      0.30805733799934387,
      0.47528302669525146,
      0.37372851371765137,
      0.47520801424980164,
      0.5908905863761902,
      0.8720919489860535,
      0.8996663093566895
    ],
    "1": [
      0.3134908974170685,
      0.2679254710674286,
      0.6564086675643921,
      0.8181818127632141,
      0.5193516612052917,
      0.0,
      0.06481481343507767,
      0.3925233781337738,
      0.30805733799934387,
      0.20000000298023224,
      0.0,
      0.47520801424980164,
      0.43809524178504944,
      0.7894737124443054,
      0.8996663093566895
    ],
    "2": [
      0.7387387156486511,
      0.2679254710674286,
      0.0,
      0.8181818127632141,
      0.5193516612052917,
      0.0,
      0.06481481343507767,
      0.336448609828949,
      0.4095238149166107,
      0.010526316240429878,
      0.0,
      0.0,
      0.18095238506793976,
      0.7894737124443054,
      0.8996663093566895
    ],
    "3": [
      0.7387387156486511,
      0.2679254710674286,
      0.0,
      0.8181818127632141,
      0.7477477192878723,
      0.0,
      0.06481481343507767,
      0.14018692076206207,
      0.07619047909975052,
      0.04210526496171951,
      0.29032257199287415,
      0.23157894611358643,
      0.10476190596818924,
      0.9561403393745422,
      0.8996663093566895
    ]
  }
}
