{
  "cols": 15,
  "data": {
    "0": [
      0.8988887071609497,
      0.00015259493375197053,
      0.4827202260494232,
      0.3143077492713928,
      0.3481334149837494,
      0.07077242434024811,
      0.11308058351278305,
      0.36543184518814087,
      0.3988291919231415,
      0.1422659158706665,
      0.758865237236023,
      0.7637917399406433,
      0.5035460591316223,
      0.6773027777671814,
      0.9024423956871033
    ],
    "1": [
      0.8988887071609497,
      0.00015259493375197053,
      0.4827202260494232,
      0.3143077492713928,
      0.3481334149837494,
      0.0,
      0.0555555559694767,
      0.47663551568984985,
      1.0,
      0.1422659158706665,
      0.1505376398563385,
      0.9164912104606628,
      0.2571428716182709,
      0.6773027777671814,
      0.9024423956871033
    ],
    "2": [
      0.045045044273138046,
      0.00015259493375197053,
      0.045045044273138046,
      0.3143077492713928,
      0.3481334149837494,
      0.0,
      0.0555555559694767,
      0.47663551568984985,
      1.0,
      0.1422659158706665,
      0.1505376398563385,
      0.9164912104606628,
      0.20952381193637848,
      0.7894737124443054,
      0.057692307978868484
    ],
    "3": [
      0.23423422873020172,
      1.0,
      0.13513512909412384,
      0.3143077492713928,
      0.3481334149837494,
      0.01886792480945587,
      0.0,
      0.47663551568984985,
      1.0,
      0.1422659158706665,
      0.1505376398563385,
      0.9164912104606628,
      0.20952381193637848,
      0.7894737124443054,
      0.4711538553237915
    ]
  }
}
