{
  "cols": 15,
  "data": {
    "0": [
      0.5200735926628113,
      0.1790507286787033,
      0.20772357285022736,
      0.19090908765792847,
      0.0003260070225223899,
      0.07343725115060806,
      0.7653575539588928,
      0.11214952915906906,
      0.0,
      0.05263157933950424,
      0.9664536714553833,
      0.35789474844932556,
      0.22857142984867096,
      1.0,
      0.3173076808452606
    ],
    "1": [
      0.5200735926628113,
      0.1790507286787033,
      0.20772357285022736,
      0.19090908765792847,
      0.0003260070225223899,
      0.07343725115060806,
      0.7653575539588928,
      0.38317757844924927,
      0.0,
      0.05263157933950424,
      0.29032257199287415,
      0.7473683953285217,
      0.22857142984867096,
      1.0,
      0.3173076808452606
    ],
    "2": [
      0.5200735926628113,
      0.1790507286787033,
      0.20772357285022736,
      0.19090908765792847,
      0.0003260070225223899,
      0.07343725115060806,
      0.7653575539588928,
      0.38317757844924927,
      0.0,
      0.05263157933950424,
      0.29032257199287415,
      0.7473683953285217,
      0.12380952388048172,
      0.6929824352264404,
      0.3173076808452606
    ],
    "3": [
      0.09009008854627609,
      0.40909090638160706,
      0.045045044273138046,
      0.5545454621315002,
      0.07207207381725311,
      0.0,
      0.45370370149612427,
      0.7383177280426025,
      0.0,
      0.16842105984687805,
      0.29032257199287415,
      0.7473683953285217,
      0.12380952388048172,
      0.6929824352264404,
      0.3173076808452606
    ],
    "4": [
      0.45945945382118225,
      0.08181817829608917,
      0.8108108043670654,
      0.5545454621315002,
      0.07207207381725311,
      0.03773584961891174,
      0.45370370149612427,
      0.9626168012619019,
      0.0,
      0.031578946858644485,
      0.09677419066429138,
      0.3052631616592407,
      0.4095238149166107,
      0.6929824352264404,
      0.3173076808452606
    ],
    "5": [
      0.45945945382118225,
      0.08181817829608917,
      0.8108108043670654,
      0.37272727489471436,
      0.4054054021835327,
      0.009433962404727936,
      0.5555555820465088,
      0.9626168012619019,
      0.0,
      0.15789473056793213,
      0.6774193644523621,
      0.7368420958518982,
      0.6571428775787354,
      0.6929824352264404,
      0.3173076808452606
    ]
  }
}
