{
  "cols": 15,
  "data": {
    "0": [
      0.315315306186676,
      0.581818163394928,
      0.30630630254745483,
      0.3545454442501068,
      0.3069712221622467,
      0.028301887214183807,
      0.26851850748062134,
      0.4392523467540741,
      0.0,
      0.031578946858644485,
      0.40860214829444885,
      0.602190375328064,
      0.5430158972740173,
      0.5438596606254578,
      1.0
    ],
    "1": [
      0.7837837934494019,
      0.2818181812763214,
      0.30630630254745483,
      0.3545454442501068,
      0.3069712221622467,
      0.028301887214183807,
      0.26851850748062134,
      0.05607476457953453,
      0.29523810744285583,
      0.0,
      0.40860214829444885,
      0.602190375328064,
      0.5430158972740173,
      0.5438596606254578,
      0.4326923191547394
    ],
    "2": [
      0.46846845746040344,
      0.2818181812763214,
      0.30630630254745483,
      0.3545454442501068,
      0.3069712221622467,
      0.028301887214183807,
      0.26851850748062134,
      0.05607476457953453,
      0.0,
      0.23157894611358643,
      0.10752688348293304,
      0.7263157963752747,
      0.4285714328289032,
      0.5438596606254578,
      0.4326923191547394
    ],
    "3": [
      0.46846845746040344,
      0.2818181812763214,
      0.30630630254745483,
      0.09090909361839294,
      0.18918919563293457,
      0.0,
      0.07407407462596893,
      0.07476635277271271,
      0.0,
      0.13684210181236267,
      0.10752688348293304,
      0.7263157963752747,
      0.06666667014360428,
      0.5438596606254578,
      0.4326923191547394
    ],
    "4": [
      0.46846845746040344,
      0.6272727251052856,
      0.30630630254745483,
      0.6000000238418579,
      0.5135135054588318,
      0.0,
      0.07407407462596893,
      0.1214953288435936,
      0.0,
      0.20000000298023224,
      0.10752688348293304,
      0.7263157963752747,
      0.7523809671401978,
      1.0,
      0.8653846383094788
    ]
  }
}
