{
  "cols": 15,
  "data": {
    "0": [
      0.4954954981803894,
      0.41818180680274963,
      0.4234234094619751,
      0.4924487769603729,
      0.17751145362854004,
      0.0,
      0.0,
      0.2612478733062744,
      0.0,
      0.04210526496171951,
      0.054933346807956696,
      0.2502101957798004,
      0.8617812991142273,
      0.5175669193267822,
      0.552700400352478
    ],
    "2": [
      0.7117117047309875,
      0.3909091055393219,
      0.8288288116455078,
      0.7818182110786438,
      0.38738739490509033,
      0.0,
      0.046296294778585434,
      0.8130841255187988,
      0.6476190686225891,
      0.23157894611358643,
      0.054933346807956696,
      0.2502101957798004,
      0.5714285969734192,
      0.37719297409057617,
      0.552700400352478
    ],
    "3": [
      0.7117117047309875,
      0.3909091055393219,
      0.8288288116455078,
      0.17272727191448212,
      0.38738739490509033,
      0.0,
      0.10185185074806213,
      0.8130841255187988,
      0.0,
      0.12631578743457794,
      0.5591397881507874,
      0.8842105269432068,
      0.20952381193637848,
      0.719298243522644,
      0.552700400352478
    ],
    "4": [
      0.7117117047309875,
      0.5,
      0.8468468189239502,
      0.06363636255264282,
      0.38738739490509033,
      0.0,
      0.046296294778585434,
      0.8130841255187988,
      0.0,
      0.23157894611358643,
      0.054933346807956696,
      0.2502101957798004,
      0.5714285969734192,
      0.37719297409057617,
      0.552700400352478
    ],
    "5": [
      0.5859336853027344,
      0.5363636612892151,
      0.6055474877357483,
      0.6181818246841431,
      0.25164198875427246,
      0.12264151126146317,
      0.1111111119389534,
      0.11214952915906906,
      0.022678649052977562,
      0.13684210181236267,
      0.0191806610673666,
      0.4000000059604645,
      0.6663941740989685,
      0.6842105388641357,
      0.24038460850715637
    ]
  }
}
