{
  "cols": 4,
  "data": {
    "0": [
      0.0,
      0.0,
      0.0,
      0.54433852434158
    ],
    "1": [
      0.0,
      0.0,
      0.0,
      0.43548688292503
    ],
    "2": [
      0.0,
      0.0,
      0.0,
      0.0
    ],
    "3": [
      0.0,
      0.0,
      0.0,
      1.0
    ]
  }
}
