{
  "cols": 4,
  "data": {
    "0": [
      1.4061293768464e-05,
      5.2895484259352e-06,
      2.5504473342153e-06,
      4.7542715037707e-05
    ],
    "1": [
      0.0,
      0.99999648332596,
      0.0,
      1.0
    ],
    "2": [
      1.0,
      0.99193543195724,
      1.0,
      0.98951607942581
    ],
    "3": [
      1.0,
      0.0,
      1.0,
      0.0
    ]
  }
}
