{
  "cols": 4,
  "data": {
    "0": [
      1.0,
      0.5241935253143301,
      1.0,
      0.52284675836563
    ],
    "1": [
      0.47733333333333,
      1.0,
      0.50933333333333,
      1.0
    ],
    "2": [
      0.0,
      0.57142857142857,
      0.0,
      0.47619047619048
    ],
    "3": [
      1.0,
      0.44444444444444,
      1.0,
      0.43650793650794
    ],
    "4": [
      0.0,
      0.0,
      0.99193859100342,
      0.0
    ],
    "5": [
      0.98641532659531,
      0.0,
      0.0,
      0.0
    ]
  }
}
