{
  "cols": 3,
  "data": {
    "0": [
      0.98924732208252,
      0.0,
      1.0
    ],
    "1": [
      1.0,
      0.0,
      0.0
    ],
    "2": [
      1.0,
      1.0,
      0.0039215688593686
    ],
    "3": [
      1.0,
      1.0,
      0.92549020051956
    ],
    "4": [
      0.0,
      1.0,
      0.0
    ],
    "5": [
      0.0,
      1.0,
      0.95294117927551
    ]
  }
}
