{
  "cols": 3,
  "data": {
    "0": [
      0.0,
      1.0,
      0.97647058963776
    ],
    "1": [
      0.0,
      0.0,
      0.0039215688593686
    ],
    "2": [
      0.0,
      0.0,
      1.0
    ],
    "3": [
      0.93450635671616,
      0.0,
      1.0
    ],
    "4": [
      0.97360706329346,
      0.0,
      0.0
    ],
    "5": [
      0.97556209564209,
      1.0,
      1.0
    ],
    "6": [
      0.8504399061203,
      1.0,
      0.0
    ],
    "7": [
      1.0,
      1.0,
      0.0
    ],
    "8": [
      1.0,
      0.63734114170074,
      0.0
    ],
    "9": [
      1.0,
      0.59042030572891,
      1.0
    ]
  }
}
