{
  "cols": 3,
  "data": {
    "0": [
      0.4848484992981,
      0.48875856399536,
      0.38823530077934
    ],
    "1": [
      0.0,
      1.0,
      0.0
    ],
    "2": [
      0.0,
      1.0,
      0.95294117927551
    ],
    "3": [
      0.0,
      0.039100684225559,
      1.0
    ],
    "4": [
      0.0,
      0.0078201368451118,
      0.015686275437474
    ],
    "5": [
      0.99511241912842,
      0.0,
      1.0
    ],
    "6": [
      0.7663733959198,
      0.0,
      0.0
    ]
  }
}
