{
  "cols": 3,
  "data": {
    "0": [
      0.0,
      0.0,
      0.019607843831182
    ],
    "1": [
      0.0,
      0.0,
      1.0
    ],
    "2": [
      1.0,
      0.0,
      0.87843137979507
    ],
    "3": [
      1.0,
      0.0,
      0.0039215688593686
    ],
    "4": [
      1.0,
      1.0,
      0.0
    ],
    "5": [
      0.0,
      0.99315738677979,
      0.0
    ],
    "6": [
      0.0,
      1.0,
      0.95294117927551
    ]
  }
}
