{
  "cols": 16,
  "data": {
    "0": [
      0.19991388916969,
      0.24126709997654,
      0.21276864409447,
      0.6901798248291,
      0.80671918392181,
      0.50168365240097,
      0.91720604896545,
      0.55924540758133,
      0.49556395411491,
      0.96801418066025,
      0.2571656703949,
      0.24798269569874,
      0.6431205868721,
      0.31508183479309,
      0.1319528222084,
      0.47817611694336
    ],
    "1": [
      0.19991388916969,
      0.24126709997654,
      0.21276864409447,
      0.6901798248291,
      0.80671918392181,
      0.50168365240097,
      0.91720604896545,
      0.55924540758133,
      0.49556395411491,
      0.96801418066025,
      0.2571656703949,
      0.24798269569874,
      0.99904572963715,
      0.31508183479309,
      0.1319528222084,
      0.47817611694336
    ],
    "2": [
      0.4341524541378,
      0.69509124755859,
      0.55319148302078,
      0.2198581546545,
      0.80671918392181,
      0.50168365240097,
      0.91720604896545,
      0.55924540758133,
      0.49556395411491,
      0.81695032119751,
      0.2571656703949,
      0.24798269569874,
      0.99904572963715,
      0.31508183479309,
      0.1319528222084,
      0.47817611694336
    ],
    "3": [
      0.4341524541378,
      0.69509124755859,
      0.55319148302078,
      0.2198581546545,
      0.80671918392181,
      0.50168365240097,
      0.91720604896545,
      0.55924540758133,
      0.49556395411491,
      0.0,
      0.2571656703949,
      0.24798269569874,
      0.55318355560303,
      0.53187620639801,
      0.1319528222084,
      0.47817611694336
    ],
    "4": [
      0.47429129481316,
      0.64113140106201,
      0.61612635850906,
      0.2198581546545,
      0.80671918392181,
      0.50168365240097,
      0.91720604896545,
      0.55924540758133,
      1.0,
      0.84397161006927,
      0.2571656703949,
      0.24798269569874,
      0.47517985105515,
      0.53187620639801,
      0.1319528222084,
      0.47817611694336
    ],
    "5": [
      0.65957444906235,
      0.76275223493576,
      0.61612635850906,
      0.2198581546545,
      0.80671918392181,
      0.50168365240097,
      0.91720604896545,
      0.55924540758133,
      1.0,
      0.92907798290253,
      0.2571656703949,
      0.24798269569874,
      0.99996364116669,
      0.53187620639801,
      0.1319528222084,
      0.47817611694336
    ],
    "6": [
      0.61702126264572,
      0.43262410163879,
      0.87730306386948,
      0.47511678934097,
      0.80671918392181,
      0.50168365240097,
      0.91720604896545,
      0.55924540758133,
      0.1947191208601,
      0.98007088899612,
      0.2571656703949,
      0.24798269569874,
      0.5794443488121,
      0.53187620639801,
      0.1319528222084,
      0.47817611694336
    ]
  }
}
