{
  "cols": 16,
  "data": {
    "0": [
      0.60914891958237,
      0.6792009472847,
      0.76955354213715,
      0.3695256114006,
      0.39596563577652,
      0.35197526216507,
      0.61652636528015,
      0.87343096733093,
      0.68188714981079,
      0.96463298797607,
      0.1510745882988,
      0.111486941576,
      0.71978724002838,
      0.074453674256802,
      0.018998503684998,
      0.14912304282188
    ],
    "1": [
      0.55319148302078,
      0.77652478218079,
      0.21262563765049,
      0.14850974082947,
      0.39596563577652,
      0.35197526216507,
      0.61652636528015,
      0.87343096733093,
      0.68188714981079,
      0.97297871112823,
      0.1510745882988,
      0.111486941576,
      0.51773047447205,
      0.30283689498901,
      0.51773047447205,
      0.54957443475723
    ],
    "2": [
      0.25531914830208,
      0.45389664173126,
      0.21262563765049,
      0.14850974082947,
      0.39596563577652,
      0.35197526216507,
      0.61652636528015,
      0.87343096733093,
      0.68188714981079,
      0.94326239824295,
      0.79707109928131,
      0.71912240982056,
      0.32169383764267,
      0.30283689498901,
      0.51773047447205,
      0.54957443475723
    ],
    "3": [
      0.45390069484711,
      0.60992908477783,
      0.21262563765049,
      0.14850974082947,
      0.39596563577652,
      0.35197526216507,
      0.61652636528015,
      0.87343096733093,
      0.68188714981079,
      0.95035457611084,
      0.48226949572563,
      0.4468084871769,
      0.99992096424103,
      0.30283689498901,
      0.51773047447205,
      0.54957443475723
    ],
    "4": [
      0.45390069484711,
      0.60992908477783,
      0.49645388126373,
      0.5744680762291,
      0.39596563577652,
      0.35197526216507,
      0.61652636528015,
      0.87343096733093,
      0.68188714981079,
      0.95035457611084,
      0.48226949572563,
      0.4468084871769,
      0.37375885248184,
      0.30283689498901,
      0.51773047447205,
      0.54957443475723
    ],
    "5": [
      0.45390069484711,
      0.60992908477783,
      0.49645388126373,
      0.5744680762291,
      0.39596563577652,
      0.35197526216507,
      0.61652636528015,
      0.87343096733093,
      0.68188714981079,
      0.95035457611084,
      0.32624113559723,
      0.39007091522217,
      0.90340423583984,
      0.38233852386475,
      0.51773047447205,
      0.54957443475723
    ],
    "6": [
      0.58400583267212,
      0.72645717859268,
      0.68085104227066,
      0.81560009717941,
      0.39596563577652,
      0.35197526216507,
      0.61652636528015,
      0.87343096733093,
      0.2340425401926,
      0.95035457611084,
      0.32624113559723,
      0.39007091522217,
      0.90340423583984,
      0.38233852386475,
      0.51773047447205,
      0.54957443475723
    ],
    "7": [
      0.55319148302078,
      0.68794322013855,
      0.68085104227066,
      0.81560009717941,
      0.39596563577652,
      0.35197526216507,
      0.61652636528015,
      0.87343096733093,
      0.2340425401926,
      0.2764784693718,
      0.32624113559723,
      0.39007091522217,
      0.43263450264931,
      0.38233852386475,
      0.51773047447205,
      0.54957443475723
    ]
  }
}
