{
  "cols": 4,
  "data": {
    "0": [
      0.061628468334674835,
      1.0,
      9.099192538997158e-06,
      1.0
    ],
    "1": [
      0.9999944567680359,
      1.0,
      0.9999970197677612,
      1.0
    ],
    "2": [
      0.999995768070221,
      0.0,
      1.0,
      2.804988525895169e-06
    ],
    "3": [
      0.0,
      0.0,
      0.0,
      0.0
    ],
    "4": [
      0.5887096524238586,
      0.47580644488334656,
      0.5725806355476379,
      0.596774160861969
    ]
  }
}
