{
  "cols": 4,
  "data": {
    "0": [
      0.0,
      1.0,
      2.580658929218771e-06,
      1.0
    ],
    "1": [
      1.0,
      1.0,
      0.9999805688858032,
      1.0
    ],
    "2": [
      1.0,
      0.0,
      0.9932200908660889,
      0.0
    ],
    "3": [
      0.0,
      0.0,
      4.6368750190595165e-06,
      3.526374257489806e-06
    ]
  }
}
