{
  "cols": 4,
  "data": {
    "0": [
      0.0,
      0.0,
      0.0,
      0.0
    ],
    "1": [
      0.0,
      0.98870056867599,
      0.0,
      0.96610170602798
    ],
    "2": [
      1.0,
      0.91525423526764,
      1.0,
      0.98305082321167
    ],
    "3": [
      0.9999973773956299,
      0.0,
      1.0,
      0.0
    ],
    "4": [
      0.0,
      0.0,
      0.9999962449073792,
      0.0
    ]
  }
}
