{
  "cols": 16,
  "data": {
    "0": [
      0.693195104599,
      0.66362977027893,
      0.23649254441261,
      0.72297942638397,
      0.17355442047119,
      0.82702398300171,
      0.90309774875641,
      0.99728238582611,
      0.99806672334671,
      3.8176774978638e-05,
      0.00051864981651306,
      0.0017861127853394,
      0.85460734367371,
      0.35071861743927,
      0.0015138983726501,
      0.0012862682342529
    ],
    "1": [
      0.64267468452454,
      0.5585852265358,
      0.270229190588,
      0.73767626285553,
      0.19747146964073,
      0.82771003246307,
      0.9123899936676,
      0.99580252170563,
      0.99730181694031,
      4.7564506530762e-05,
      0.00078025460243225,
      0.002033531665802,
      0.77109229564667,
      0.38349762558937,
      0.0013907551765442,
      0.0017949938774109
    ],
    "3": [
      0.64345860481262,
      0.58761483430862,
      0.2605926990509,
      0.73978424072266,
      0.18231385946274,
      0.82960820198059,
      0.90937435626984,
      0.99661242961884,
      0.99772453308105,
      3.9190053939819e-05,
      0.0006318986415863,
      0.0018227994441986,
      0.79452174901962,
      0.37568074464798,
      0.0012846291065216,
      0.0014717578887939
    ],
    "5": [
      0.693195104598999,
      0.6636297702789307,
      0.23649254441261292,
      0.7229794263839722,
      0.1735544204711914,
      0.827023983001709,
      0.9030977487564087,
      0.9972823858261108,
      0.9980667233467102,
      0.9553191065788269,
      0.7916733026504517,
      0.8480212688446045,
      0.854607343673706,
      0.35071861743927,
      0.0015138983726501465,
      0.0012862682342529297
    ],
    "6": [
      0.6740754842758179,
      0.6521703004837036,
      0.2900579571723938,
      0.6759335994720459,
      0.22823625802993774,
      0.8057325482368469,
      0.8765924572944641,
      0.9835789799690247,
      0.9849379658699036,
      0.9574467539787292,
      0.8226950168609619,
      0.0,
      0.7092198133468628,
      0.16253650188446045,
      0.7446808218955994,
      0.9999316334724426
    ]
  }
}
