{
  "cols": 16,
  "data": {
    "0": [
      0.693195104599,
      0.66362977027893,
      0.23649254441261,
      0.72297942638397,
      0.17355442047119,
      0.82702398300171,
      0.90309774875641,
      0.99728238582611,
      0.99806672334671,
      3.8176774978638e-05,
      0.00051864981651306,
      0.0017861127853394,
      0.85460734367371,
      0.35071861743927,
      0.0015138983726501,
      0.0012862682342529
    ],
    "1": [
      0.64267468452454,
      0.5585852265358,
      0.270229190588,
      0.73767626285553,
      0.19747146964073,
      0.82771003246307,
      0.9123899936676,
      0.99580252170563,
      0.99730181694031,
      4.7564506530762e-05,
      0.00078025460243225,
      0.002033531665802,
      0.77109229564667,
      0.38349762558937,
      0.0013907551765442,
      0.0017949938774109
    ],
    "2": [
      0.69518476724625,
      0.63647031784058,
      0.24395337700844,
      0.72243160009384,
      0.18501657247543,
      0.82199114561081,
      0.90541535615921,
      0.99677377939224,
      0.99776792526245,
      4.7504901885986e-05,
      0.00065645575523376,
      0.002034991979599,
      0.84418201446533,
      0.36326277256012,
      0.0017181932926178,
      0.0015782415866852
    ],
    "3": [
      0.64345860481262,
      0.58761483430862,
      0.2605926990509,
      0.73978424072266,
      0.18231385946274,
      0.82960820198059,
      0.90937435626984,
      0.99661242961884,
      0.99772453308105,
      3.9190053939819e-05,
      0.0006318986415863,
      0.0018227994441986,
      0.79452174901962,
      0.37568074464798,
      0.0012846291065216,
      0.0014717578887939
    ]
  }
}
