{
  "cols": 16,
  "data": {
    "0": [
      0.8176407217979431,
      0.7583681344985962,
      0.004551981575787067,
      0.6575900912284851,
      0.01791302300989628,
      0.9973598718643188,
      0.930158793926239,
      0.825176477432251,
      0.8575294017791748,
      0.001396769192069769,
      0.0011234728153795004,
      0.0014601603616029024,
      0.9501432776451111,
      0.15136857330799103,
      0.0004882127686869353,
      0.0021439020056277514
    ],
    "1": [
      0.8176407217979431,
      0.7583681344985962,
      0.004551981575787067,
      0.12621359527111053,
      0.01791302300989628,
      0.9973598718643188,
      0.930158793926239,
      0.8135592937469482,
      0.5350877046585083,
      0.001396769192069769,
      0.0011234728153795004,
      0.0014601603616029024,
      0.9501432776451111,
      0.15136857330799103,
      0.0004882127686869353,
      0.0021439020056277514
    ],
    "2": [
      0.8176407217979431,
      0.7583681344985962,
      0.004551981575787067,
      0.5922330021858215,
      0.01791302300989628,
      0.9973598718643188,
      0.930158793926239,
      0.8135592937469482,
      0.24561403691768646,
      0.6310679316520691,
      0.44954127073287964,
      0.0014601603616029024,
      0.9501432776451111,
      0.2680412232875824,
      0.918367326259613,
      0.26530611515045166
    ],
    "3": [
      0.3963963985443115,
      0.4234234094619751,
      0.24271844327449799,
      0.5922330021858215,
      0.29807692766189575,
      0.29523810744285583,
      0.3300970792770386,
      0.8135592937469482,
      0.24561403691768646,
      0.6310679316520691,
      0.44954127073287964,
      0.0014601603616029024,
      0.9501432776451111,
      0.2680412232875824,
      0.918367326259613,
      0.26530611515045166
    ]
  }
}
