{
  "cols": 16,
  "data": {
    "0": [
      0.85106378793716,
      0.27659574151039,
      0.0,
      0.049645386636257,
      0.35460990667343,
      1.0,
      0.0,
      1.0,
      0.25531914830208,
      0.0,
      0.0,
      0.0,
      0.24113474786282,
      1.0,
      0.0,
      0.0
    ],
    "1": [
      0.85106378793716,
      0.27659574151039,
      0.0,
      0.049645386636257,
      0.35460990667343,
      1.0,
      0.0,
      1.0,
      0.25531914830208,
      0.0,
      0.0,
      0.0,
      0.92198580503464,
      1.0,
      0.0,
      0.0
    ],
    "2": [
      0.85106378793716,
      0.70212763547897,
      0.049645386636257,
      0.24822694063187,
      0.29078012704849,
      1.0,
      0.0,
      1.0,
      0.25531914830208,
      0.0,
      0.0,
      0.0,
      0.92198580503464,
      1.0,
      0.0,
      0.0
    ],
    "3": [
      0.89361697435379,
      0.22695034742355,
      0.0,
      0.31914892792702,
      0.25531914830208,
      1.0,
      0.0,
      1.0,
      0.41843971610069,
      0.0,
      0.0,
      0.0,
      0.78014183044434,
      1.0,
      0.0,
      0.0
    ],
    "4": [
      0.86695700883865,
      0.2561097741127,
      0.014596909284592,
      0.40356215834618,
      0.26659911870956,
      0.99943625926971,
      0.00040656328201294,
      0.99839842319489,
      0.43561494350433,
      0.0019616782665253,
      0.00010007619857788,
      0.00078663229942322,
      0.41843971610069,
      0.32624113559723,
      0.26241132616997,
      0.78723400831223
    ],
    "5": [
      0.86340183019638,
      0.26709389686584,
      0.0076055526733398,
      0.15928655862808,
      0.33152008056641,
      0.99999684095383,
      2.8669834136963e-05,
      0.99998450279236,
      0.35203993320465,
      5.4985284805298e-05,
      6.1452388763428e-05,
      1.1563301086426e-05,
      0.58811438083649,
      0.17021276056767,
      0.38297870755196,
      0.87943261861801
    ],
    "6": [
      0.85115420818329,
      0.39593094587326,
      0.018089145421982,
      0.29423522949219,
      0.15917253494263,
      0.9992196559906,
      0.0033028423786163,
      0.99999928474426,
      0.53015697002411,
      4.5597553253174e-06,
      3.1590461730957e-06,
      4.4405460357666e-06,
      0.55319148302078,
      0.99999994039536,
      0.68085104227066,
      1.0
    ]
  }
}
