{
  "cols": 16,
  "data": {
    "0": [
      0.812909722328186,
      0.752861499786377,
      0.0068437485024333,
      0.6258785724639893,
      0.021967044100165367,
      0.9992362260818481,
      0.9419889450073242,
      0.8223955035209656,
      0.8418698906898499,
      0.005163379479199648,
      0.0044719562865793705,
      2.3225873064802727e-06,
      0.9999954700469971,
      0.1528119146823883,
      0.0020850528962910175,
      0.0072817630134522915
    ],
    "1": [
      0.817744791507721,
      0.7586269974708557,
      0.0006117969751358032,
      0.12673215568065643,
      0.0003375921514816582,
      0.9999955296516418,
      0.9986745119094849,
      0.8134572505950928,
      0.5351139903068542,
      0.009242702275514603,
      0.004628082737326622,
      4.499257563739256e-11,
      0.9999999403953552,
      0.15116675198078156,
      0.0017402496887370944,
      0.00742317782714963
    ],
    "2": [
      0.8183701634407043,
      0.7582672238349915,
      0.007877614349126816,
      0.591435968875885,
      0.0017143142176792026,
      0.992955207824707,
      0.9245789647102356,
      0.8140271902084351,
      0.24575378000736237,
      0.630402684211731,
      0.4492006003856659,
      8.037298471208487e-08,
      0.999956488609314,
      0.26863422989845276,
      0.9196063876152039,
      0.26479053497314453
    ],
    "3": [
      0.39663249254226685,
      0.42477738857269287,
      0.24121133983135223,
      0.5941111445426941,
      0.2957330346107483,
      0.2962302267551422,
      0.3324667513370514,
      0.8125382661819458,
      0.2448262870311737,
      0.6322270631790161,
      0.450135737657547,
      0.025408659130334854,
      0.9537200331687927,
      0.26673799753189087,
      0.9115801453590393,
      0.26583826541900635
    ],
    "4": [
      0.6826159358024597,
      0.6248578429222107,
      0.009712062776088715,
      0.2820828855037689,
      0.0066326386295259,
      0.9982307553291321,
      0.9663979411125183,
      0.7949833273887634,
      0.38112518191337585,
      0.11902138590812683,
      0.06043366342782974,
      3.1145523848863377e-07,
      0.999976634979248,
      0.20582975447177887,
      0.11975832283496857,
      0.05355975776910782
    ]
  }
}
