{
  "cols": 16,
  "data": {
    "0": [
      0.87234038114548,
      0.56028366088867,
      0.26950353384018,
      0.79432618618011,
      0.10638297349215,
      1.0,
      1.0,
      1.0,
      0.65957444906235,
      0.90070921182632,
      0.0,
      0.0,
      0.99290776252747,
      0.51063829660416,
      0.0,
      0.0
    ],
    "1": [
      0.49645388126373,
      0.84397161006927,
      0.58865249156952,
      0.63829785585403,
      0.10638297349215,
      1.0,
      1.0,
      1.0,
      0.65957444906235,
      0.82978719472885,
      0.21276594698429,
      0.1560283601284,
      0.73049640655518,
      0.33333331346512,
      0.0,
      0.0
    ],
    "2": [
      0.42553189396858,
      0.53191488981247,
      0.82978719472885,
      0.19148935377598,
      0.2978723347187,
      0.070921987295151,
      1.0,
      1.0,
      0.65957444906235,
      0.82978719472885,
      0.21276594698429,
      0.1560283601284,
      0.51773047447205,
      0.33333331346512,
      0.0,
      0.0
    ],
    "3": [
      0.8936169743537903,
      0.9361701607704163,
      0.21276594698429108,
      0.8368794322013855,
      0.652482271194458,
      0.1418439745903015,
      0.9999896287918091,
      0.9998644590377808,
      0.24113474786281586,
      0.8865247964859009,
      0.07043668627738953,
      0.04495888948440552,
      0.9007092118263245,
      0.24113474786281586,
      0.08510638028383255,
      1.0
    ],
    "4": [
      0.8393792510032654,
      0.8670492172241211,
      0.26387545466423035,
      0.8082724809646606,
      0.3559919595718384,
      0.016786254942417145,
      0.9982575178146362,
      0.9977980852127075,
      0.20567375421524048,
      0.9088000655174255,
      0.0547766238451004,
      0.008292194455862045,
      0.9322342276573181,
      0.0,
      0.8117249608039856,
      0.006372618488967419
    ]
  }
}
