{
  "cols": 4,
  "data": {
    "0": [
      0.4066162109375,
      0.676708459854126,
      0.3058727979660034,
      0.31603896617889404
    ],
    "1": [
      0.10653018951416016,
      0.5746054649353027,
      0.9849628210067749,
      0.7801450490951538
    ],
    "2": [
      0.35569941997528076,
      0.5658462047576904,
      0.9885092973709106,
      0.8470253944396973
    ],
    "3": [
      0.6674737930297852,
      0.10865128040313721,
      0.5923658609390259,
      0.8678126335144043
    ]
  }
}
