{
  "cols": 4,
  "data": {
    "0": [
      0.006858875043690205,
      0.9991174936294556,
      0.9946833848953247,
      0.996894121170044
    ],
    "1": [
      0.9422953128814697,
      0.9948403835296631,
      0.007503500208258629,
      0.9983124136924744
    ],
    "2": [
      0.948121190071106,
      0.007566746324300766,
      0.0010037049651145935,
      0.00026105850702151656
    ],
    "3": [
      0.0037998082116246223,
      0.00034776702523231506,
      0.9971359372138977,
      0.005904200486838818
    ]
  }
}
