{
  "cols": 4,
  "data": {
    "0": [
      0.0010708216577768326,
      0.9998461604118347,
      0.0044975425116717815,
      0.9957749843597412
    ],
    "1": [
      0.9938966631889343,
      0.9926506280899048,
      0.9969435334205627,
      0.9929662346839905
    ],
    "2": [
      0.9927558302879333,
      0.006017026491463184,
      0.9999158382415771,
      0.005171407945454121
    ],
    "3": [
      0.007552032824605703,
      0.001400921493768692,
      0.004960148595273495,
      0.00489402050152421
    ]
  }
}
