{
  "cols": 4,
  "data": {
    "0": [
      0.9829363226890564,
      1.0,
      0.9947095513343811,
      0.9992391467094421
    ],
    "1": [
      0.997001588344574,
      0.0008518739487044513,
      0.9949176907539368,
      0.00557645782828331
    ],
    "2": [
      0.009542178362607956,
      0.9947527647018433,
      0.0037197815254330635,
      0.9947906136512756
    ],
    "3": [
      0.007474155630916357,
      0.00662806024774909,
      0.004233998712152243,
      0.004621795378625393
    ]
  }
}
