{
  "cols": 4,
  "data": {
    "0": [
      0.028900587931275368,
      0.9927095174789429,
      0.9948193430900574,
      0.9998759031295776
    ],
    "1": [
      0.9587169885635376,
      0.9992974996566772,
      0.0010162489488720894,
      0.9930284023284912
    ],
    "2": [
      0.997913122177124,
      0.0005558785051107407,
      0.007647853344678879,
      0.0016504572704434395
    ],
    "3": [
      0.001766587607562542,
      0.005481860600411892,
      0.9973158836364746,
      0.006569125689566135
    ],
    "4": [
      0.45908060669898987,
      0.4917536973953247,
      0.30251815915107727,
      0.5332460999488831
    ]
  }
}
