{
  "cols": 4,
  "data": {
    "0": [
      0.001118379645049572,
      0.001942310482263565,
      0.00021174177527427673,
      9.863078594207764e-05
    ],
    "1": [
      0.006429099477827549,
      0.9961076974868774,
      0.004674882628023624,
      0.8966692686080933
    ],
    "2": [
      0.9975861310958862,
      0.9953168630599976,
      0.9991767406463623,
      0.9937505722045898
    ],
    "3": [
      0.9923132658004761,
      0.0015676451148465276,
      0.9623440504074097,
      0.006944204680621624
    ]
  }
}
