{
  "cols": 4,
  "data": {
    "0": [
      0.5327761173248291,
      0.23492431640625,
      0.4438455104827881,
      0.9072344303131104
    ],
    "1": [
      0.34755027294158936,
      0.661400318145752,
      0.3836629390716553,
      0.25452303886413574
    ],
    "2": [
      0.6098768711090088,
      0.9894362688064575,
      0.9272521734237671,
      0.8666373491287231
    ],
    "3": [
      0.5204101800918579,
      0.7697116136550903,
      0.4300037622451782,
      0.8083220720291138
    ]
  }
}
