{
  "cols": 4,
  "data": {
    "0": [
      0.606490969657898,
      0.9340896606445313,
      0.11940193176269531,
      0.7377814054489136
    ],
    "1": [
      0.2817413806915283,
      0.8528664112091064,
      0.12465322017669678,
      0.17040157318115234
    ],
    "2": [
      0.22273170948028564,
      0.7857921123504639,
      0.03574657440185547,
      0.062329649925231934
    ],
    "3": [
      0.9927459955215454,
      0.9308128356933594,
      0.9033676385879517,
      0.6963860988616943
    ]
  }
}
