{
  "cols": 35,
  "data": {
    "0": [
      0.5712461471557617,
      0.36902904510498047,
      0.0702066421508789,
      0.3931407928466797,
      0.8297193050384521,
      0.6298220157623291,
      0.6654767990112305,
      0.6794372797012329,
      0.5648488998413086,
      0.5503478050231934,
      0.5921002626419067,
      0.5651271343231201,
      0.8349586725234985,
      0.8683604001998901,
      0.49766016006469727,
      0.6002825498580933,
      0.1891801357269287,
      0.987336277961731,
      0.6567298173904419,
      0.21847331523895264,
      0.8245019912719727,
      0.8427906036376953,
      0.03877913951873779,
      0.30586016178131104,
      0.930113673210144,
      0.35943377017974854,
      0.4630546569824219,
      0.8143599033355713,
      0.7714754343032837,
      0.26621031761169434,
      0.9935967922210693,
      0.8521695137023926,
      0.972712516784668,
      0.9174888134002686,
      0.276464581489563
    ],
    "1": [
      0.4964538812637329,
      0.4967736005783081,
      0.0702066421508789,
      0.11347517371177673,
      0.0,
      0.9007092118263245,
      0.6654767990112305,
      0.6794372797012329,
      0.5648488998413086,
      0.5503478050231934,
      0.5921002626419067,
      0.5651271343231201,
      0.8349586725234985,
      0.8683604001998901,
      0.49766016006469727,
      0.6002825498580933,
      0.1891801357269287,
      0.987336277961731,
      0.6567298173904419,
      0.21847331523895264,
      0.8245019912719727,
      0.8427906036376953,
      0.03877913951873779,
      0.30586016178131104,
      0.930113673210144,
      0.35943377017974854,
      0.4630546569824219,
      0.26241132616996765,
      0.21985815465450287,
      0.1419130116701126,
      0.9935967922210693,
      0.8521695137023926,
      0.972712516784668,
      0.9174888134002686,
      0.276464581489563
    ],
    "2": [
      0.2765542268753052,
      0.011131048202514648,
      0.36960911750793457,
      0.24176502227783203,
      0.8078665733337402,
      0.6376475095748901,
      0.04276692867279053,
      0.6312720775604248,
      0.881117582321167,
      0.6125466823577881,
      0.6331053972244263,
      0.34157371520996094,
      0.4181351661682129,
      0.4393504858016968,
      0.17572522163391113,
      0.14968550205230713,
      0.6043708324432373,
      0.6747041940689087,
      0.4262981414794922,
      0.12378358840942383,
      0.9362766742706299,
      0.21276748180389404,
      0.9745135307312012,
      0.7118703126907349,
      0.04376530647277832,
      0.2507816553115845,
      0.8674756288528442,
      0.7617145776748657,
      0.9652599096298218,
      0.9672117233276367,
      0.9168640375137329,
      0.3993610143661499,
      0.24008119106292725,
      0.3205820322036743,
      0.3480261564254761
    ],
    "3": [
      0.9077011942863464,
      0.011131048202514648,
      0.6454208493232727,
      0.2977388799190521,
      0.6064116954803467,
      0.6770206093788147,
      1.0,
      0.9076935052871704,
      1.0,
      1.0,
      0.6331053972244263,
      0.34157371520996094,
      0.4181351661682129,
      0.4393504858016968,
      0.17572522163391113,
      0.14968550205230713,
      0.6043708324432373,
      0.6747041940689087,
      0.4262981414794922,
      0.12378358840942383,
      0.9362766742706299,
      0.21276748180389404,
      0.9745135307312012,
      0.7118703126907349,
      0.04376530647277832,
      0.2507816553115845,
      0.8674756288528442,
      0.7617145776748657,
      0.9652599096298218,
      0.9672117233276367,
      0.9168640375137329,
      0.3993610143661499,
      0.24008119106292725,
      0.3205820322036743,
      0.3480261564254761
    ],
    "4": [
      0.9077011942863464,
      0.011131048202514648,
      0.6454208493232727,
      0.2977388799190521,
      0.6064116954803467,
      0.6770206093788147,
      1.0,
      0.41843971610069275,
      1.0,
      0.9362388849258423,
      0.6331053972244263,
      0.34157371520996094,
      0.4181351661682129,
      0.4393504858016968,
      0.17572522163391113,
      0.14968550205230713,
      0.6043708324432373,
      0.6747041940689087,
      0.4262981414794922,
      0.12378358840942383,
      0.9362766742706299,
      0.21276748180389404,
      0.9745135307312012,
      0.7118703126907349,
      0.04376530647277832,
      0.2507816553115845,
      0.8674756288528442,
      0.7617145776748657,
      0.9652599096298218,
      0.9672117233276367,
      0.9168640375137329,
      0.3993610143661499,
      0.24008119106292725,
      0.3205820322036743,
      0.3480261564254761
    ]
  }
}
