{
  "cols": 35,
  "data": {
    "0": [
      0.7737738490104675,
      0.5992477536201477,
      0.48481935262680054,
      0.3414258360862732,
      0.6792406439781189,
      0.42149487137794495,
      0.2600511312484741,
      0.436113566160202,
      0.7350597381591797,
      0.8094529509544373,
      0.5014086365699768,
      0.014600098133087158,
      0.6545782089233398,
      0.5444323420524597,
      0.7636034488677979,
      0.8286115527153015,
      0.6501653790473938,
      0.8167128562927246,
      0.8801082968711853,
      0.46844977140426636,
      0.3654063940048218,
      0.05588413402438164,
      0.6435590386390686,
      0.4533127248287201,
      0.16394156217575073,
      0.12606820464134216,
      0.47085198760032654,
      0.6222683191299438,
      0.8225432634353638,
      0.8053075075149536,
      0.5259509682655334,
      0.00896790623664856,
      0.8030011057853699,
      0.23313714563846588,
      0.4922713339328766
    ],
    "1": [
      0.1274578720331192,
      0.5992477536201477,
      0.48481935262680054,
      0.3414258360862732,
      0.6792406439781189,
      0.45389503240585327,
      0.9930059313774109,
      0.893625020980835,
      0.7350597381591797,
      0.8094529509544373,
      0.5014086365699768,
      0.014600098133087158,
      0.6545782089233398,
      0.5444323420524597,
      0.7636034488677979,
      0.8286115527153015,
      0.6501653790473938,
      0.8167128562927246,
      0.8801082968711853,
      0.46844977140426636,
      0.3654063940048218,
      0.05588413402438164,
      0.6435590386390686,
      0.4533127248287201,
      0.16394156217575073,
      0.12606820464134216,
      0.47085198760032654,
      0.6222683191299438,
      0.8225432634353638,
      0.8053075075149536,
      0.5259509682655334,
      0.00896790623664856,
      0.8030011057853699,
      0.23313714563846588,
      0.4922713339328766
    ],
    "2": [
      0.1274578720331192,
      0.5992477536201477,
      0.48481935262680054,
      0.3414258360862732,
      0.6792406439781189,
      0.45435792207717896,
      0.9930059313774109,
      1.0,
      0.7350597381591797,
      0.8094529509544373,
      0.5014086365699768,
      0.014600098133087158,
      0.6545782089233398,
      0.5444323420524597,
      0.7636034488677979,
      0.8286115527153015,
      0.6501653790473938,
      0.8167128562927246,
      0.8801082968711853,
      0.46844977140426636,
      0.3654063940048218,
      0.05588413402438164,
      0.6435590386390686,
      0.4533127248287201,
      0.16394156217575073,
      0.12606820464134216,
      0.47085198760032654,
      0.6222683191299438,
      0.8225432634353638,
      0.8053075075149536,
      0.5259509682655334,
      0.00896790623664856,
      0.8030011057853699,
      0.23313714563846588,
      0.4922713339328766
    ],
    "3": [
      0.8725407123565674,
      0.5992477536201477,
      0.48481935262680054,
      0.3414258360862732,
      0.6792406439781189,
      0.45435792207717896,
      0.6772375702857971,
      0.46808508038520813,
      0.7350597381591797,
      0.8094529509544373,
      0.09929077327251434,
      0.6725668907165527,
      0.6545782089233398,
      0.5444323420524597,
      0.7636034488677979,
      0.8286115527153015,
      0.6501653790473938,
      0.8167128562927246,
      0.26673924922943115,
      0.2577401101589203,
      0.3827354907989502,
      0.05588413402438164,
      0.12056737393140793,
      0.4533127248287201,
      0.16394156217575073,
      0.12606820464134216,
      0.47085198760032654,
      0.6222683191299438,
      0.8225432634353638,
      0.8053075075149536,
      0.08512100577354431,
      0.5390987992286682,
      0.46823734045028687,
      0.23313714563846588,
      0.6696605086326599
    ]
  }
}
