{
  "cols": 35,
  "data": {
    "0": [
      0.45794937014579773,
      0.19229410588741302,
      0.4745059609413147,
      0.7585617303848267,
      0.7327377796173096,
      0.7107965350151062,
      0.28460267186164856,
      0.24050642549991608,
      0.3882500231266022,
      0.9386561512947083,
      0.6098425388336182,
      0.9057660102844238,
      0.23886942863464355,
      0.2717922329902649,
      0.3717023730278015,
      0.4725157916545868,
      0.08690883219242096,
      0.8590750098228455,
      0.7258525490760803,
      0.30783870816230774,
      0.2992626428604126,
      0.6118124723434448,
      0.654682993888855,
      0.9959109425544739,
      0.07223714143037796,
      0.4560210704803467,
      0.8646385669708252,
      0.36493414640426636,
      0.42682182788848877,
      0.6240333914756775,
      0.08492986857891083,
      0.24932760000228882,
      0.1725149154663086,
      0.09346433728933334,
      0.3841266930103302
    ],
    "1": [
      0.17140474915504456,
      0.6955586671829224,
      0.9591427445411682,
      0.4952455461025238,
      0.49645692110061646,
      0.44680848717689514,
      0.695035457611084,
      0.673758864402771,
      0.3882500231266022,
      0.9386561512947083,
      0.6098425388336182,
      0.9057660102844238,
      0.23886942863464355,
      0.2717922329902649,
      0.3717023730278015,
      0.4725157916545868,
      0.08690883219242096,
      0.8590750098228455,
      0.7258525490760803,
      0.30783870816230774,
      0.5523996353149414,
      0.6118124723434448,
      0.6528907418251038,
      0.9959109425544739,
      0.07223714143037796,
      0.4560210704803467,
      0.8646385669708252,
      0.3336586356163025,
      0.42682182788848877,
      0.6240333914756775,
      0.08492986857891083,
      0.4609929025173187,
      0.1725149154663086,
      0.09346433728933334,
      0.3841266930103302
    ],
    "2": [
      0.19859637320041656,
      0.49958309531211853,
      0.9591427445411682,
      0.4952455461025238,
      0.49645692110061646,
      0.0,
      0.1418439745903015,
      0.14082247018814087,
      0.21276594698429108,
      0.5049330592155457,
      0.6098425388336182,
      0.9057660102844238,
      0.34611454606056213,
      0.6031817197799683,
      0.3717023730278015,
      0.4725157916545868,
      0.08690883219242096,
      0.8590750098228455,
      0.7258525490760803,
      0.30783870816230774,
      0.5523996353149414,
      0.6118124723434448,
      0.6528907418251038,
      0.9959109425544739,
      0.07223714143037796,
      0.4560210704803467,
      0.8646385669708252,
      0.3336586356163025,
      0.42682182788848877,
      0.6240333914756775,
      0.08492986857891083,
      0.4547407627105713,
      0.1725149154663086,
      0.19868165254592896,
      0.3640648126602173
    ],
    "3": [
      0.5106436014175415,
      0.49958309531211853,
      0.9591427445411682,
      0.4952455461025238,
      0.49645692110061646,
      0.22695034742355347,
      0.35456913709640503,
      0.7043510675430298,
      0.41134750843048096,
      0.6681927442550659,
      0.6098425388336182,
      0.9057660102844238,
      0.34611454606056213,
      0.6031817197799683,
      0.3717023730278015,
      0.4725157916545868,
      0.3528430163860321,
      0.8590750098228455,
      0.7258525490760803,
      0.44073522090911865,
      0.5523996353149414,
      0.6118124723434448,
      0.6528907418251038,
      0.3958635926246643,
      0.5575506687164307,
      0.4560210704803467,
      0.8646385669708252,
      0.1842367947101593,
      0.42682182788848877,
      0.6240333914756775,
      0.08492986857891083,
      0.8368794322013855,
      0.1725149154663086,
      0.34285664558410645,
      0.00010579384979791939
    ]
  }
}
