{
  "cols": 35,
  "data": {
    "0": [
      0.848149299621582,
      0.5159138441085815,
      0.43088865280151367,
      0.5188485383987427,
      0.5390914678573608,
      0.4586097002029419,
      0.34245431423187256,
      0.6215254068374634,
      0.6518547534942627,
      0.7971057891845703,
      0.07731056213378906,
      0.5695481300354004,
      0.3790426254272461,
      0.5155116319656372,
      0.4505298137664795,
      0.05454099178314209,
      0.5975271463394165,
      0.8166763782501221,
      0.8652721643447876,
      0.9844294786453247,
      0.7014853954315186,
      0.005524635314941406,
      0.7641385793685913,
      0.8188605308532715,
      0.283990740776062,
      0.9642785787582397,
      0.520214319229126,
      0.5900075435638428,
      0.01008307933807373,
      0.4631918668746948,
      0.6131938695907593,
      0.8653727769851685,
      0.33896899223327637,
      0.9243210554122925,
      0.7633503675460815
    ],
    "1": [
      0.4276766777038574,
      0.5928914546966553,
      0.25605762004852295,
      0.474645733833313,
      0.753180980682373,
      0.3384697437286377,
      0.38521432876586914,
      0.08538365364074707,
      0.8771475553512573,
      0.23006188869476318,
      0.9721925258636475,
      0.6538912057876587,
      0.9912093877792358,
      0.04405856132507324,
      0.6631722450256348,
      0.5708272457122803,
      0.6297582387924194,
      0.36521363258361816,
      0.29395008087158203,
      0.7153310775756836,
      0.24019896984100342,
      0.7869077920913696,
      0.7469513416290283,
      0.2191915512084961,
      0.3794816732406616,
      0.045745849609375,
      0.3680912256240845,
      0.5532299280166626,
      0.717427134513855,
      0.3765120506286621,
      0.5606459379196167,
      0.3979834318161011,
      0.5869253873825073,
      0.07189178466796875,
      0.6013184785842896
    ],
    "2": [
      0.7242221832275391,
      0.5435018539428711,
      0.7108469009399414,
      0.9958423376083374,
      0.5262970924377441,
      0.43413686752319336,
      0.990580677986145,
      0.7103573083877563,
      0.9794420003890991,
      0.21237218379974365,
      0.22788786888122559,
      0.617942214012146,
      0.6864434480667114,
      0.5000160932540894,
      0.9452739953994751,
      0.3395965099334717,
      0.024641990661621094,
      0.40990543365478516,
      0.9815859794616699,
      0.1138451099395752,
      0.8241437673568726,
      0.640518069267273,
      0.3679056167602539,
      0.12565934658050537,
      0.8052340745925903,
      0.5303834676742554,
      0.3487510681152344,
      0.44813454151153564,
      0.968991756439209,
      0.629684567451477,
      0.5288611650466919,
      0.1536318063735962,
      0.5204430818557739,
      0.5215189456939697,
      0.7664334774017334
    ],
    "3": [
      0.9351176023483276,
      0.7068662643432617,
      0.9588050842285156,
      0.475203275680542,
      0.8944641351699829,
      0.2972073554992676,
      0.602364182472229,
      0.5751594305038452,
      0.7670103311538696,
      0.7821277379989624,
      0.49545371532440186,
      0.6676970720291138,
      0.23268544673919678,
      0.8924006223678589,
      0.4108898639678955,
      0.587699294090271,
      0.9405266046524048,
      0.20368707180023193,
      0.6629986763000488,
      0.05453813076019287,
      0.6687924861907959,
      0.05908644199371338,
      0.181310772895813,
      0.6130642890930176,
      0.5216941833496094,
      0.37448740005493164,
      0.01147758960723877,
      0.24570953845977783,
      0.8641854524612427,
      0.23402893543243408,
      0.6134804487228394,
      0.7210530042648315,
      0.6903479099273682,
      0.7265725135803223,
      0.18296778202056885
    ]
  }
}
