{
  "cols": 35,
  "data": {
    "0": [
      0.061530232429504395,
      0.9108327627182007,
      0.3164668083190918,
      0.47558748722076416,
      0.302032470703125,
      0.8653205633163452,
      0.8853927850723267,
      0.9007443189620972,
      0.3995462656021118,
      0.789358377456665,
      0.5907824039459229,
      0.7556452751159668,
      0.7967945337295532,
      0.12462937831878662,
      0.5105516910552979,
      0.7917320728302002,
      0.8504610061645508,
      0.5553730726242065,
      0.9733614921569824,
      0.08607614040374756,
      0.8674423694610596,
      0.274969220161438,
      0.38178324699401855,
      0.7745310068130493,
      0.48288607597351074,
      0.254006028175354,
      0.16794776916503906,
      0.6655185222625732,
      0.12313234806060791,
      0.9405192136764526,
      0.16534125804901123,
      0.04547250270843506,
      0.8358362913131714,
      0.0973743200302124,
      0.1334463357925415
    ],
    "1": [
      0.16801953315734863,
      0.8252145051956177,
      0.920251727104187,
      0.37160658836364746,
      0.1307429075241089,
      0.4925987720489502,
      0.525403618812561,
      0.8829189538955688,
      0.27828872203826904,
      0.5935167074203491,
      0.6133852005004883,
      0.9215177297592163,
      0.6334271430969238,
      0.6486340761184692,
      0.7277919054031372,
      0.7182685136795044,
      0.06723260879516602,
      0.41487956047058105,
      0.46368253231048584,
      0.2859227657318115,
      0.899085521697998,
      0.9997713565826416,
      0.9516729116439819,
      0.2732071876525879,
      0.6353055238723755,
      0.27175354957580566,
      0.6848742961883545,
      0.7033100128173828,
      0.5459392070770264,
      0.7489644289016724,
      0.27934014797210693,
      0.29623281955718994,
      0.24891996383666992,
      0.7307175397872925,
      0.46444761753082275
    ],
    "2": [
      0.7710789442062378,
      0.8529850244522095,
      0.3547478914260864,
      0.4061630964279175,
      0.8934391736984253,
      0.2977111339569092,
      0.5573791265487671,
      0.46561431884765625,
      0.6106302738189697,
      0.7707349061965942,
      0.23096942901611328,
      0.43841826915740967,
      0.5512168407440186,
      0.9468405246734619,
      0.7260818481445313,
      0.3637065887451172,
      0.9466904401779175,
      0.16527462005615234,
      0.09280800819396973,
      0.7271645069122314,
      0.20792341232299805,
      0.4539601802825928,
      0.35397017002105713,
      0.24944031238555908,
      0.46870291233062744,
      0.9260883331298828,
      0.15921854972839355,
      0.7511938810348511,
      0.9265260696411133,
      0.976237416267395,
      0.5189932584762573,
      0.5531625747680664,
      0.274810791015625,
      0.4588921070098877,
      0.05480301380157471
    ],
    "3": [
      0.47862040996551514,
      0.9709839820861816,
      0.23118042945861816,
      0.28049004077911377,
      0.5453493595123291,
      0.5545698404312134,
      0.039484500885009766,
      0.023524045944213867,
      0.5046389102935791,
      0.4372190237045288,
      0.394750714302063,
      0.959417462348938,
      0.5985640287399292,
      0.7636271715164185,
      0.550615668296814,
      0.7111157178878784,
      0.03994953632354736,
      0.11901974678039551,
      0.40115582942962646,
      0.8666142225265503,
      0.8442118167877197,
      0.8345628976821899,
      0.15292489528656006,
      0.5265712738037109,
      0.019330382347106934,
      0.5856935977935791,
      0.24423551559448242,
      0.47707080841064453,
      0.7471151351928711,
      0.19466650485992432,
      0.07407402992248535,
      0.6124280691146851,
      0.03496062755584717,
      0.5552142858505249,
      0.837620735168457
    ]
  }
}
