{
  "cols": 35,
  "data": {
    "0": [
      0.33247339725494385,
      0.8604395389556885,
      0.562333345413208,
      0.6962413787841797,
      0.16577684879302979,
      0.43599820137023926,
      0.8384203910827637,
      0.4853334426879883,
      0.9241125583648682,
      0.9642962217330933,
      0.871491551399231,
      0.16351807117462158,
      0.05037498474121094,
      0.21954703330993652,
      0.6508430242538452,
      0.7566043138504028,
      0.9444433450698853,
      0.35463273525238037,
      0.4773956537246704,
      0.08177387714385986,
      0.5946002006530762,
      0.8431676626205444,
      0.06009197235107422,
      0.07155895233154297,
      0.27720725536346436,
      0.5750601291656494,
      0.7116106748580933,
      0.7972508668899536,
      0.05119132995605469,
      0.23296618461608887,
      0.3063225746154785,
      0.1901388168334961,
      0.12341785430908203,
      0.9802052974700928,
      0.12540209293365479
    ],
    "1": [
      0.33247339725494385,
      0.8604395389556885,
      0.562333345413208,
      0.6962413787841797,
      0.16577684879302979,
      0.43599820137023926,
      0.8384203910827637,
      1.0,
      0.9241125583648682,
      0.9642962217330933,
      0.871491551399231,
      0.16351807117462158,
      0.05037498474121094,
      0.21954703330993652,
      0.6508430242538452,
      0.7566043138504028,
      0.9444433450698853,
      0.35463273525238037,
      0.4773956537246704,
      0.08177387714385986,
      0.5946002006530762,
      0.8431676626205444,
      0.06009197235107422,
      0.07155895233154297,
      0.27720725536346436,
      0.5750601291656494,
      0.7116106748580933,
      0.7972508668899536,
      0.05119132995605469,
      0.23296618461608887,
      0.3063225746154785,
      0.1901388168334961,
      0.12341785430908203,
      0.9802052974700928,
      0.12540209293365479
    ],
    "2": [
      0.8733251094818115,
      0.6107189655303955,
      0.39731454849243164,
      0.6351561546325684,
      0.9734970331192017,
      0.7536160945892334,
      0.6656367778778076,
      0.5130161046981812,
      0.5348633527755737,
      0.9628587961196899,
      0.9921122789382935,
      0.8871031999588013,
      0.20042240619659424,
      0.4499800205230713,
      0.3228573799133301,
      0.007498264312744141,
      0.878867506980896,
      0.7371968030929565,
      0.8834054470062256,
      0.3613539934158325,
      0.46787309646606445,
      0.04487311840057373,
      0.838598370552063,
      0.038158297538757324,
      0.7956681251525879,
      0.22918403148651123,
      0.9131718873977661,
      0.9948067665100098,
      0.6633228063583374,
      0.9792286157608032,
      0.3739889860153198,
      0.4944084882736206,
      0.7259278297424316,
      0.26095855236053467,
      0.4425100088119507
    ],
    "3": [
      0.8073660135269165,
      0.23736357688903809,
      0.27123451232910156,
      0.484011173248291,
      0.4352095127105713,
      0.7396143674850464,
      0.7247886657714844,
      0.006607413291931152,
      0.5254213809967041,
      0.47561824321746826,
      0.4372389316558838,
      0.6741409301757813,
      0.32201123237609863,
      0.6640603542327881,
      0.39439940452575684,
      0.2608933448791504,
      0.3929065465927124,
      0.37455451488494873,
      0.28833675384521484,
      0.7750855684280396,
      0.5927358865737915,
      0.20286297798156738,
      0.351570725440979,
      0.12108314037322998,
      0.6714843511581421,
      0.06770908832550049,
      0.9778620004653931,
      0.8567023277282715,
      0.47357475757598877,
      0.9381365776062012,
      0.273856520652771,
      0.9662694931030273,
      0.27551496028900146,
      0.18396222591400146,
      0.09638726711273193
    ]
  }
}
