{
  "cols": 35,
  "data": {
    "0": [
      0.48339104652404785,
      0.14866697788238525,
      0.44303739070892334,
      0.692833423614502,
      0.3501882553100586,
      0.8410618305206299,
      0.6173313856124878,
      0.8110687732696533,
      0.7047827243804932,
      0.6661194562911987,
      0.2323462963104248,
      0.39576292037963867,
      0.39613258838653564,
      0.9677461385726929,
      0.18368089199066162,
      0.8887834548950195,
      0.2640916109085083,
      0.2910996675491333,
      0.7696371078491211,
      0.03522026538848877,
      0.036388516426086426,
      0.1933954954147339,
      0.09870028495788574,
      0.7920960187911987,
      0.6419539451599121,
      0.8592733144760132,
      0.1771315336227417,
      0.679408073425293,
      0.817959189414978,
      0.341458797454834,
      0.12802469730377197,
      0.21274709701538086,
      0.7310421466827393,
      0.5645496845245361,
      0.486397385597229
    ],
    "1": [
      0.051988840103149414,
      0.39754223823547363,
      0.8208212852478027,
      0.18154871463775635,
      0.9048030376434326,
      0.29013848304748535,
      0.42186713218688965,
      0.2786567211151123,
      0.5257567167282104,
      0.8865935802459717,
      0.5198450088500977,
      0.7038402557373047,
      0.47387003898620605,
      0.9575583934783936,
      0.3375931978225708,
      0.4824233055114746,
      0.07677984237670898,
      0.794143557548523,
      0.4510146379470825,
      0.5009562969207764,
      0.3649880886077881,
      0.9168074131011963,
      0.08344566822052002,
      0.7740983963012695,
      0.7170614004135132,
      0.898115873336792,
      0.7839151620864868,
      0.27767813205718994,
      0.5723967552185059,
      0.11108839511871338,
      0.9803667068481445,
      0.39353811740875244,
      0.47541022300720215,
      0.22871160507202148,
      0.8761035203933716
    ],
    "2": [
      0.06139814853668213,
      0.6752554178237915,
      0.8852524757385254,
      0.13721489906311035,
      0.29267311096191406,
      0.34648454189300537,
      0.5174199342727661,
      0.6769622564315796,
      0.8638128042221069,
      0.0593266487121582,
      0.8672547340393066,
      0.7187237739562988,
      0.6283279657363892,
      0.24255120754241943,
      0.8919328451156616,
      0.24093186855316162,
      0.6561615467071533,
      0.24127423763275146,
      0.26635265350341797,
      0.3700181245803833,
      0.7784240245819092,
      0.4171116352081299,
      0.2888895273208618,
      0.16801869869232178,
      0.34519362449645996,
      0.8153148889541626,
      0.6817631721496582,
      0.11578655242919922,
      0.500007152557373,
      0.7987799644470215,
      0.15143239498138428,
      0.34505677223205566,
      0.5944787263870239,
      0.3266136646270752,
      0.12833356857299805
    ],
    "3": [
      0.6464487314224243,
      0.22452163696289063,
      0.6607780456542969,
      0.21769511699676514,
      0.9192930459976196,
      0.1459031105041504,
      0.5689159631729126,
      0.22220289707183838,
      0.8374944925308228,
      0.26162099838256836,
      0.8247861862182617,
      0.7749373912811279,
      0.652501106262207,
      0.24978065490722656,
      0.21918106079101563,
      0.4397108554840088,
      0.6153573989868164,
      0.31345975399017334,
      0.9208933115005493,
      0.7742748260498047,
      0.014148712158203125,
      0.005657196044921875,
      0.7230978012084961,
      0.6083651781082153,
      0.05631089210510254,
      0.10356032848358154,
      0.47593605518341064,
      0.5986825227737427,
      0.08809483051300049,
      0.49890756607055664,
      0.5092371702194214,
      0.6052247285842896,
      0.7336065769195557,
      0.5948052406311035,
      0.2701219320297241
    ]
  }
}
