{
  "cols": 35,
  "data": {
    "0": [
      3.6726756661664695e-05,
      0.2193174809217453,
      0.7308982014656067,
      0.9734156727790833,
      0.8302741646766663,
      0.8911108374595642,
      0.3767755329608917,
      0.9653733968734741,
      0.48248159885406494,
      0.8208252787590027,
      0.4609929025173187,
      2.0324030629126355e-05,
      0.0,
      0.7005491256713867,
      0.9505054354667664,
      0.1528681218624115,
      0.4164797067642212,
      0.5671605467796326,
      0.06018584594130516,
      0.2009136825799942,
      0.6879512071609497,
      0.8029527068138123,
      0.3709096610546112,
      0.5702452659606934,
      0.4499379098415375,
      0.3493494391441345,
      0.049996402114629745,
      0.7220104932785034,
      0.850003182888031,
      0.7792757749557495,
      0.3245067000389099,
      0.4229300618171692,
      0.04118373245000839,
      0.6743079423904419,
      0.24796710908412933
    ],
    "1": [
      3.6726756661664695e-05,
      0.2193174809217453,
      0.7308982014656067,
      0.9734156727790833,
      0.8302741646766663,
      0.8911108374595642,
      0.10638297349214554,
      0.9653733968734741,
      0.09929077327251434,
      0.8208252787590027,
      0.4609929025173187,
      2.0324030629126355e-05,
      0.0,
      0.7005491256713867,
      0.9505054354667664,
      0.1528681218624115,
      0.4164797067642212,
      0.5671605467796326,
      0.06018584594130516,
      0.2009136825799942,
      0.6879512071609497,
      0.8029527068138123,
      0.3709096610546112,
      0.5702452659606934,
      0.4499379098415375,
      0.3493494391441345,
      0.049996402114629745,
      0.7220104932785034,
      0.850003182888031,
      0.7792757749557495,
      0.3245067000389099,
      0.4229300618171692,
      0.04118373245000839,
      0.6743079423904419,
      0.24796710908412933
    ],
    "2": [
      0.22287750244140625,
      0.042553190141916275,
      0.11347517371177673,
      0.9734156727790833,
      0.8302741646766663,
      0.6880542039871216,
      0.5530928373336792,
      0.9653733968734741,
      0.693126380443573,
      0.8208252787590027,
      0.4609929025173187,
      0.0,
      0.0,
      0.5106382966041565,
      0.6010607481002808,
      0.6113435626029968,
      0.4164797067642212,
      0.5671605467796326,
      0.6894590854644775,
      0.04982568696141243,
      0.338900089263916,
      0.6691306829452515,
      0.3709096610546112,
      0.5702452659606934,
      0.4499379098415375,
      0.27310481667518616,
      0.049996402114629745,
      0.139484703540802,
      0.3243097960948944,
      0.6659541130065918,
      0.7479297518730164,
      0.4229300618171692,
      0.04118373245000839,
      0.6743079423904419,
      0.24796710908412933
    ],
    "3": [
      0.05673758685588837,
      0.2193174809217453,
      0.7942572832107544,
      0.9734156727790833,
      0.8302741646766663,
      0.7283667325973511,
      0.1220482587814331,
      0.9653733968734741,
      0.12765957415103912,
      0.8208252787590027,
      0.4609929025173187,
      2.0324030629126355e-05,
      0.6492201089859009,
      0.7005491256713867,
      0.9505054354667664,
      0.1528681218624115,
      0.4164797067642212,
      0.5671605467796326,
      0.06018584594130516,
      0.2009136825799942,
      0.6879512071609497,
      0.8029527068138123,
      0.3709096610546112,
      0.6807951927185059,
      0.5691688060760498,
      0.6055184006690979,
      0.6033284664154053,
      0.579975426197052,
      0.6747235059738159,
      0.7792757749557495,
      0.4261587858200073,
      0.8816837668418884,
      0.04118373245000839,
      0.6743079423904419,
      0.24796710908412933
    ]
  }
}
