{
  "cols": 4,
  "data": {
    "0": [
      0.23637664318084717,
      0.37679314613342285,
      0.20628631114959717,
      0.616195797920227
    ],
    "1": [
      0.7065616846084595,
      0.1121448278427124,
      0.9066802263259888,
      0.38374197483062744
    ],
    "2": [
      0.4526970386505127,
      0.07152199745178223,
      0.8347852230072021,
      0.6239826679229736
    ],
    "3": [
      0.5238837003707886,
      0.5332787036895752,
      0.09869909286499023,
      0.41444146633148193
    ]
  }
}
