{
  "cols": 4,
  "data": {
    "0": [
      0.7837051153182983,
      0.36360931396484375,
      0.8900434970855713,
      0.4304990768432617
    ],
    "1": [
      0.3956325054168701,
      0.2630728483200073,
      0.7336500883102417,
      0.7379381656646729
    ],
    "2": [
      0.17240571975708008,
      0.32367563247680664,
      0.3718068599700928,
      0.6401305198669434
    ],
    "3": [
      0.9406888484954834,
      0.19188416004180908,
      0.282436728477478,
      0.17538821697235107
    ]
  }
}
