{
  "cols": 4,
  "data": {
    "0": [
      0.005277784541249275,
      0.004132190719246864,
      0.030385667458176613,
      0.022466327995061874
    ],
    "1": [
      0.07383246719837189,
      0.9750586748123169,
      0.0047118570655584335,
      0.9762055277824402
    ],
    "2": [
      0.9950152635574341,
      0.9922114610671997,
      0.997422456741333,
      0.9974550008773804
    ],
    "3": [
      0.9951330423355103,
      0.0014019440859556198,
      0.9956760406494141,
      0.0031004957854747772
    ]
  }
}
