{
  "cols": 4,
  "data": {
    "0": [
      0.0027400776743888855,
      0.001779709942638874,
      0.005705269053578377,
      0.004902522079646587
    ],
    "1": [
      0.005519168451428413,
      0.9901647567749023,
      0.0004123662074562162,
      0.9817754030227661
    ],
    "2": [
      0.998455822467804,
      0.9964715838432312,
      0.9928296804428101,
      0.9931828379631042
    ],
    "3": [
      1.0,
      0.001811363734304905,
      0.9923127889633179,
      0.006163076497614384
    ]
  }
}
