{
  "cols": 4,
  "data": {
    "0": [
      0.14964962005615234,
      0.17841434478759766,
      0.24475622177124023,
      0.8434419631958008
    ],
    "1": [
      0.14022541046142578,
      0.604515790939331,
      0.20351779460906982,
      0.2584632635116577
    ],
    "2": [
      0.7060307264328003,
      0.3573572635650635,
      0.5623475313186646,
      0.911086916923523
    ],
    "3": [
      0.5501108169555664,
      0.5766717195510864,
      0.9055935144424438,
      0.23011016845703125
    ]
  }
}
