{
  "cols": 4,
  "data": {
    "0": [
      0.22137033939361572,
      0.6695423126220703,
      0.12178289890289307,
      0.10435318946838379
    ],
    "1": [
      0.24875199794769287,
      0.62095046043396,
      0.7719905376434326,
      0.6937094926834106
    ],
    "2": [
      0.025702595710754395,
      0.5209660530090332,
      0.9606680870056152,
      0.6886625289916992
    ],
    "3": [
      0.6832228899002075,
      0.6875072717666626,
      0.608260989189148,
      0.551134467124939
    ]
  }
}
