{
  "cols": 4,
  "data": {
    "0": [
      0.1621173620223999,
      0.9954026937484741,
      0.40724658966064453,
      0.01038360595703125
    ],
    "1": [
      0.7969859838485718,
      0.2680549621582031,
      0.3247467279434204,
      0.986465573310852
    ],
    "2": [
      0.13263249397277832,
      0.5454661846160889,
      0.11330902576446533,
      0.4450262784957886
    ],
    "3": [
      0.574414849281311,
      0.40100765228271484,
      0.8925378322601318,
      0.17869985103607178
    ]
  }
}
