{
  "cols": 4,
  "data": {
    "0": [
      0.005180494859814644,
      0.994764506816864,
      0.0024601640179753304,
      0.9925909042358398
    ],
    "1": [
      0.002473607659339905,
      0.003412739373743534,
      0.006658042781054974,
      0.0021943869069218636
    ],
    "2": [
      0.9953912496566772,
      0.9996667504310608,
      0.997437059879303,
      0.9963207244873047
    ],
    "3": [
      0.9998042583465576,
      0.0063192108646035194,
      0.9961532354354858,
      0.004759370349347591
    ]
  }
}
