{
  "cols": 12,
  "data": {
    "0": [
      0.3505387306213379,
      0.6820640563964844,
      0.04591059684753418,
      0.9523500204086304,
      0.013926267623901367,
      0.9243358373641968,
      0.9198017120361328,
      0.1911841630935669,
      0.7761908769607544,
      0.1917344331741333,
      0.9222985506057739,
      0.6554378271102905
    ],
    "1": [
      0.39589619636535645,
      0.6423696279525757,
      0.6246060132980347,
      0.965366005897522,
      0.06324827671051025,
      0.6823363304138184,
      0.06771063804626465,
      0.5310481786727905,
      0.5912970304489136,
      0.22614777088165283,
      0.23726749420166016,
      0.3917423486709595
    ],
    "2": [
      0.8414901494979858,
      0.6835668087005615,
      0.807594895362854,
      0.6405446529388428,
      0.6848554611206055,
      0.03893101215362549,
      0.04788815975189209,
      0.9889047145843506,
      0.11475563049316406,
      0.7813278436660767,
      0.8755524158477783,
      0.8828384876251221
    ],
    "3": [
      0.7308042049407959,
      0.49797332286834717,
      0.7692527770996094,
      0.949489951133728,
      0.3615912199020386,
      0.8402053117752075,
      0.6385073661804199,
      0.5064511299133301,
      0.6736903190612793,
      0.22835278511047363,
      0.5928330421447754,
      0.5479542016983032
    ]
  }
}
