{
  "cols": 12,
  "data": {
    "0": [
      0.30654215812683105,
      0.4958075284957886,
      0.5474960803985596,
      0.949455738067627,
      0.35074055194854736,
      0.7801799774169922,
      0.9092140197753906,
      0.6951354742050171,
      0.6349068880081177,
      0.5573000907897949,
      0.02929401397705078,
      0.4799078702926636
    ],
    "1": [
      0.030736088752746582,
      0.30020129680633545,
      0.42938220500946045,
      0.9138946533203125,
      0.8818339109420776,
      0.1740649938583374,
      0.3765796422958374,
      0.3041269779205322,
      0.9599988460540771,
      0.6119884252548218,
      0.33011770248413086,
      0.9424296617507935
    ],
    "2": [
      0.7762632369995117,
      0.7808914184570313,
      0.0798182487487793,
      0.02426135540008545,
      0.32857775688171387,
      0.5932306051254272,
      0.7814126014709473,
      0.47748756408691406,
      0.5126675367355347,
      0.7937881946563721,
      0.2741152048110962,
      0.499920129776001
    ],
    "3": [
      0.37689483165740967,
      0.6859489679336548,
      0.4661201238632202,
      0.7119077444076538,
      0.29839181900024414,
      0.3657853603363037,
      0.04417109489440918,
      0.9915205240249634,
      0.28373706340789795,
      0.9111186265945435,
      0.22747576236724854,
      0.3067457675933838
    ]
  }
}
