{
  "cols": 12,
  "data": {
    "0": [
      0.35831522941589355,
      0.5880951881408691,
      0.37939560413360596,
      0.9130754470825195,
      0.3084677457809448,
      0.06587576866149902,
      0.07468664646148682,
      0.09482264518737793,
      0.9972625970840454,
      0.7978706359863281,
      0.2812519073486328,
      0.4669189453125
    ],
    "1": [
      0.738062858581543,
      0.9832377433776855,
      0.5098434686660767,
      0.95198655128479,
      0.10073447227478027,
      0.31499552726745605,
      0.8054804801940918,
      0.8717696666717529,
      0.44456911087036133,
      0.12217271327972412,
      0.6093795299530029,
      0.5325634479522705
    ],
    "2": [
      0.2248929738998413,
      0.6888260841369629,
      0.8387013673782349,
      0.8308597803115845,
      0.13663673400878906,
      0.7553349733352661,
      0.04975235462188721,
      0.6998220682144165,
      0.4600543975830078,
      0.03760635852813721,
      0.593116044998169,
      0.14781486988067627
    ],
    "3": [
      0.17798566818237305,
      0.24357712268829346,
      0.8518980741500854,
      0.06700551509857178,
      0.6954259872436523,
      0.3776881694793701,
      0.021155476570129395,
      0.10037457942962646,
      0.03259265422821045,
      0.870052695274353,
      0.7754316329956055,
      0.20460450649261475
    ]
  }
}
