{
  "cols": 12,
  "data": {
    "0": [
      0.315315306186676,
      0.5564680099487305,
      0.5491425395011902,
      0.37794029712677,
      0.43845289945602417,
      0.990435779094696,
      0.9159619212150574,
      0.7452627420425415,
      0.7659574747085571,
      0.37314918637275696,
      0.17076820135116577,
      0.3829471468925476
    ],
    "1": [
      0.2432432472705841,
      0.7567567825317383,
      0.5491425395011902,
      0.37794029712677,
      0.43845289945602417,
      0.990435779094696,
      0.9159619212150574,
      0.7452627420425415,
      0.5319148898124695,
      1.0,
      0.2448979616165161,
      0.0
    ],
    "2": [
      0.46846845746040344,
      0.4864864945411682,
      0.40776699781417847,
      0.737864077091217,
      0.1666666716337204,
      0.11650485545396805,
      0.9159619212150574,
      0.7452627420425415,
      1.0,
      1.0,
      0.2448979616165161,
      0.0
    ],
    "3": [
      0.46846845746040344,
      0.4864864945411682,
      0.40776699781417847,
      0.737864077091217,
      0.1666666716337204,
      0.11650485545396805,
      0.9159619212150574,
      0.7452627420425415,
      0.26595744490623474,
      0.3298968970775604,
      0.2448979616165161,
      0.0
    ]
  }
}
