{
  "cols": 12,
  "data": {
    "0": [
      0.6684706211090088,
      0.6287888288497925,
      0.820886492729187,
      0.09816110134124756,
      0.44971728324890137,
      0.7815171480178833,
      0.11798727512359619,
      0.3525967597961426,
      0.72209632396698,
      0.5156542062759399,
      0.29049766063690186,
      0.7569624185562134
    ],
    "1": [
      0.3034062385559082,
      0.868436336517334,
      0.55335533618927,
      0.1376432180404663,
      0.4523506164550781,
      0.6161675453186035,
      0.9767966270446777,
      0.199440598487854,
      0.6256790161132813,
      0.8877406120300293,
      0.9937210083007813,
      0.27741312980651855
    ],
    "2": [
      0.6057465076446533,
      0.6211341619491577,
      0.746888279914856,
      0.7954998016357422,
      0.8148462772369385,
      0.6817278861999512,
      0.8609563112258911,
      0.9119545221328735,
      0.5440927743911743,
      0.5255872011184692,
      0.7916367053985596,
      0.915289044380188
    ],
    "3": [
      0.9101619720458984,
      0.5200031995773315,
      0.30758941173553467,
      0.9041204452514648,
      0.17621088027954102,
      0.3011370897293091,
      0.4373636245727539,
      0.5427197217941284,
      0.0020676851272583008,
      0.2791057825088501,
      0.863275408744812,
      0.21365737915039063
    ]
  }
}
