{
  "cols": 12,
  "data": {
    "0": [
      0.05361950397491455,
      0.3675682544708252,
      0.894432783126831,
      0.3653240203857422,
      0.6732089519500732,
      0.3332188129425049,
      0.98160719871521,
      0.042762041091918945,
      0.04347968101501465,
      0.8659200668334961,
      0.6049331426620483,
      0.45649266242980957
    ],
    "1": [
      0.8176679611206055,
      0.634373664855957,
      0.8820275068283081,
      0.22595322132110596,
      0.3858107328414917,
      0.2042468786239624,
      0.023624897003173828,
      0.8007925748825073,
      0.7325241565704346,
      0.788386344909668,
      0.5359165668487549,
      0.4235408306121826
    ],
    "2": [
      0.7091063261032104,
      0.9412052631378174,
      0.4477792978286743,
      0.5477362871170044,
      0.5827096700668335,
      0.01683211326599121,
      0.2601531744003296,
      0.9673649072647095,
      0.8019788265228271,
      0.31110715866088867,
      0.5491219758987427,
      0.366351842880249
    ],
    "3": [
      0.4418078660964966,
      0.13189613819122314,
      0.7029565572738647,
      0.8904809951782227,
      0.3734370470046997,
      0.3127976655960083,
      0.6638329029083252,
      0.35526013374328613,
      0.9792279005050659,
      0.10565590858459473,
      0.04227876663208008,
      0.9475460052490234
    ]
  }
}
