{
  "cols": 12,
  "data": {
    "0": [
      0.37589532136917114,
      0.7262532114982605,
      0.374774307012558,
      0.4986223578453064,
      0.8559713363647461,
      0.9495490789413452,
      0.8776414394378662,
      0.3688017427921295,
      0.5214778780937195,
      0.40904760360717773,
      0.5050654411315918,
      0.3787288963794708
    ],
    "1": [
      0.7000350952148438,
      0.8332975506782532,
      0.374774307012558,
      0.4986223578453064,
      0.8559713363647461,
      0.9495490789413452,
      0.8776414394378662,
      0.3688017427921295,
      0.8368629813194275,
      0.40904760360717773,
      0.5050654411315918,
      0.3787288963794708
    ],
    "2": [
      0.7000350952148438,
      0.8332975506782532,
      0.4660194218158722,
      0.4986223578453064,
      0.8559713363647461,
      0.24271844327449799,
      0.8776414394378662,
      0.3688017427921295,
      0.8368629813194275,
      0.40904760360717773,
      0.5050654411315918,
      0.3787288963794708
    ],
    "3": [
      0.4100586771965027,
      0.6753557324409485,
      0.4660194218158722,
      0.24271844327449799,
      0.45614033937454224,
      1.0,
      0.8776414394378662,
      0.3688017427921295,
      0.39361703395843506,
      0.8247422575950623,
      0.4183673560619354,
      0.051020409911870956
    ]
  }
}
