{
  "cols": 12,
  "data": {
    "0": [
      0.684684693813324,
      0.560224711894989,
      0.42718446254730225,
      0.10679611563682556,
      0.8947368264198303,
      0.9762171506881714,
      0.23209922015666962,
      0.0433502197265625,
      0.8297872543334961,
      0.5097726583480835,
      0.38334882259368896,
      0.33886629343032837
    ],
    "1": [
      0.7747747898101807,
      1.0,
      0.42718446254730225,
      0.10679611563682556,
      0.8947368264198303,
      0.06796116381883621,
      0.23209922015666962,
      0.0433502197265625,
      1.0,
      0.5097726583480835,
      0.38334882259368896,
      0.33886629343032837
    ],
    "2": [
      0.6396396160125732,
      0.5585585832595825,
      0.708737850189209,
      0.10679611563682556,
      1.0,
      1.0,
      0.2752293646335602,
      0.25471699237823486,
      1.0,
      0.5097726583480835,
      0.38334882259368896,
      0.33886629343032837
    ],
    "3": [
      0.6396396160125732,
      0.5585585832595825,
      0.708737850189209,
      0.10679611563682556,
      0.09649122506380081,
      0.7669903039932251,
      0.06422018259763718,
      0.0,
      0.4893617033958435,
      0.5097726583480835,
      0.38334882259368896,
      0.0
    ]
  }
}
