{
  "cols": 3,
  "data": {
    "0": [
      0.0,
      0.0,
      0.035294119268656
    ],
    "1": [
      1.0,
      0.0,
      1.0
    ],
    "2": [
      0.0,
      1.0,
      0.0
    ],
    "3": [
      0.97751712799072,
      1.0,
      0.93725490570068
    ],
    "4": [
      0.0,
      0.0,
      0.98431372642517
    ]
  }
}
