{
  "cols": 3,
  "data": {
    "0": [
      0.0,
      0.91693544387817,
      0.0
    ],
    "1": [
      1.0,
      1.0,
      0.95943450927734
    ],
    "10": [
      0.016129031777382,
      1.0,
      1.0
    ],
    "11": [
      0.44354838132858,
      0.52312958240509,
      0.59301847219467
    ],
    "2": [
      0.0,
      0.0,
      0.0
    ],
    "3": [
      1.0,
      0.0,
      1.0
    ],
    "4": [
      1.0,
      0.0,
      0.0
    ],
    "5": [
      1.0,
      0.33064514398575,
      0.0
    ],
    "6": [
      1.0,
      0.69354838132858,
      0.0
    ],
    "7": [
      0.98387092351913,
      1.0,
      0.0
    ],
    "8": [
      0.024193547666073,
      0.47580644488335,
      1.0
    ],
    "9": [
      5.5594550758542e-06,
      0.0,
      1.0
    ]
  }
}
