{
  "cols": 3,
  "data": {
    "0": [
      0.0,
      0.0,
      0.0
    ],
    "1": [
      0.0,
      0.0,
      0.98431372642517
    ],
    "2": [
      1.0,
      0.0,
      0.0
    ],
    "3": [
      1.0,
      0.0,
      1.0
    ],
    "4": [
      0.98631477355957,
      1.0,
      1.0
    ],
    "5": [
      0.99511241912842,
      1.0,
      0.0
    ],
    "6": [
      0.0,
      1.0,
      0.0
    ],
    "7": [
      0.0,
      1.0,
      1.0
    ],
    "8": [
      0.50439882278442,
      0.51221895217896,
      0.50196081399918
    ]
  }
}
