{
  "cols": 3,
  "data": {
    "1": [
      0.0,
      0.0,
      0.003921568859368563
    ],
    "2": [
      1.0,
      0.0,
      1.0
    ],
    "3": [
      1.0,
      0.995112419128418,
      1.0
    ],
    "4": [
      0.0,
      1.0,
      0.027450980618596077
    ]
  }
}
