{
  "cols": 3,
  "data": {
    "0": [
      0.60997068881989,
      1.0,
      0.42745098471642
    ],
    "1": [
      0.38123166561127,
      0.0,
      0.48627451062202
    ],
    "2": [
      0.0,
      0.52199411392212,
      0.0
    ],
    "3": [
      1.0,
      0.39491692185402,
      1.0
    ]
  }
}
