{
  "cols": 3,
  "data": {
    "0": [
      0.50048875808716,
      0.49657869338989,
      0.48627451062202
    ],
    "1": [
      0.47311827540398,
      0.0,
      0.50196081399918
    ],
    "2": [
      1.0,
      0.0,
      0.99215686321259
    ],
    "3": [
      0.97751712799072,
      1.0,
      0.0
    ],
    "4": [
      0.0,
      1.0,
      0.35294118523598
    ]
  }
}
