{
  "cols": 16,
  "data": {
    "1": [
      0.45045045018196106,
      0.38738739490509033,
      0.6796116232872009,
      0.4563106894493103,
      0.1538461595773697,
      0.10476190596818924,
      0.30062228441238403,
      0.815632700920105,
      0.7050222158432007,
      0.35831406712532043,
      0.660093367099762,
      0.5787464380264282,
      0.604609489440918,
      0.7527722716331482,
      0.5443294644355774,
      0.4820302426815033
    ],
    "2": [
      0.45045045018196106,
      0.38738739490509033,
      0.35922330617904663,
      0.4563106894493103,
      0.1538461595773697,
      0.10476190596818924,
      0.30062228441238403,
      0.6525423526763916,
      0.7050222158432007,
      0.35831406712532043,
      0.6880733966827393,
      0.5787464380264282,
      0.604609489440918,
      0.4536082446575165,
      0.4183673560619354,
      0.3877550959587097
    ],
    "3": [
      0.9009009003639221,
      0.38738739490509033,
      0.35922330617904663,
      0.9611650705337524,
      0.1538461595773697,
      0.10476190596818924,
      0.9514563083648682,
      0.6525423526763916,
      0.7050222158432007,
      0.2330097109079361,
      0.0917431190609932,
      0.5787464380264282,
      0.604609489440918,
      0.4536082446575165,
      0.4183673560619354,
      0.3877550959587097
    ],
    "4": [
      0.9009009003639221,
      0.9909909963607788,
      0.9417475461959839,
      0.9611650705337524,
      0.7884615659713745,
      0.10476190596818924,
      0.5242718458175659,
      0.6525423526763916,
      0.7050222158432007,
      0.737864077091217,
      0.7431192398071289,
      0.5787464380264282,
      0.22340425848960876,
      0.4536082446575165,
      0.4183673560619354,
      0.7857142686843872
    ]
  }
}
