{
  "cols": 16,
  "data": {
    "0": [
      0.4964117705822,
      0.29783442616463,
      0.81379705667496,
      0.27669268846512,
      0.24121910333633,
      0.99978256225586,
      0.00069007277488708,
      0.99978888034821,
      0.41829693317413,
      0.00023782253265381,
      0.00023207068443298,
      9.7453594207764e-05,
      0.18439716100693,
      0.32007709145546,
      0.16869670152664,
      0.69819557666779
    ],
    "1": [
      0.48020604252815,
      0.33336696028709,
      0.81379705667496,
      0.27669268846512,
      0.84086990356445,
      0.46688264608383,
      0.94278424978256,
      0.39340150356293,
      0.85795569419861,
      0.90780138969421,
      0.00023207068443298,
      9.7453594207764e-05,
      0.47517728805542,
      0.32007709145546,
      0.16869670152664,
      0.69819557666779
    ],
    "2": [
      0.48020604252815,
      0.33336696028709,
      0.81379705667496,
      0.27669268846512,
      0.84086990356445,
      0.46688264608383,
      0.94278424978256,
      0.39340150356293,
      0.12885156273842,
      0.66666281223297,
      0.00023207068443298,
      9.7453594207764e-05,
      0.7163120508194,
      0.32007709145546,
      0.16869670152664,
      0.69819557666779
    ],
    "3": [
      0.67473512887955,
      0.45064082741737,
      0.78046786785126,
      0.27669268846512,
      0.84086990356445,
      0.63468784093857,
      0.8943065404892,
      0.10311356931925,
      0.89892423152924,
      0.80849540233612,
      0.00023207068443298,
      9.7453594207764e-05,
      0.40408760309219,
      0.44992339611053,
      0.56793320178986,
      0.99992293119431
    ]
  }
}
