{
  "cols": 16,
  "data": {
    "0": [
      0.70076465606689,
      0.54674500226974,
      0.5739678144455,
      0.4562055170536,
      0.29625862836838,
      0.3467390537262,
      0.99970531463623,
      0.99971127510071,
      0.61394387483597,
      0.95744675397873,
      0.70151776075363,
      0.58865249156952,
      0.32624113559723,
      0.40395486354828,
      0.0019542276859283,
      0.011974662542343
    ],
    "1": [
      0.70076465606689,
      0.54674500226974,
      0.5739678144455,
      0.4562055170536,
      0.29625862836838,
      0.3467390537262,
      0.99970531463623,
      0.99971127510071,
      0.61394387483597,
      0.95744675397873,
      0.70151776075363,
      0.58865249156952,
      0.89645385742188,
      0.40395486354828,
      0.0019542276859283,
      0.011974662542343
    ],
    "2": [
      0.70648169517517,
      0.19676019251347,
      0.0003817297401838,
      0.17014618217945,
      0.60992908477783,
      0.00051474111387506,
      0.71759527921677,
      0.9897752404213,
      0.33676719665527,
      0.89148932695389,
      0.13349875807762,
      0.019300512969494,
      0.38834545016289,
      0.40395486354828,
      0.0019542276859283,
      0.011974662542343
    ],
    "3": [
      0.70648169517517,
      0.19676019251347,
      0.0003817297401838,
      0.17014618217945,
      0.60992908477783,
      0.00051474111387506,
      0.71759527921677,
      0.9897752404213,
      0.12765957415104,
      0.89148932695389,
      0.13349875807762,
      0.019300512969494,
      0.8538960814476,
      0.40395486354828,
      0.0019542276859283,
      0.011974662542343
    ],
    "4": [
      0.70648169517517,
      0.19676019251347,
      0.0003817297401838,
      0.17014618217945,
      0.60992908477783,
      0.00051474111387506,
      0.71759527921677,
      0.9897752404213,
      0.12765957415104,
      0.36163479089737,
      0.13349875807762,
      0.019300512969494,
      0.8538960814476,
      0.40395486354828,
      0.0019542276859283,
      0.011974662542343
    ],
    "5": [
      0.70648169517517,
      0.19676019251347,
      0.0003817297401838,
      0.17014618217945,
      0.60992908477783,
      0.00051474111387506,
      0.71759527921677,
      0.9897752404213,
      0.12765957415104,
      0.36163479089737,
      0.13349875807762,
      0.019300512969494,
      0.65957444906235,
      0.69279074668884,
      0.0019542276859283,
      0.011974662542343
    ],
    "6": [
      0.38115602731705,
      0.69500184059143,
      0.0003817297401838,
      0.17014618217945,
      0.60992908477783,
      0.00051474111387506,
      0.71759527921677,
      0.9897752404213,
      1.0,
      0.36163479089737,
      0.13349875807762,
      0.019300512969494,
      0.65957444906235,
      0.69279074668884,
      0.0019542276859283,
      0.011974662542343
    ],
    "7": [
      0.38115602731705,
      0.69500184059143,
      0.0003817297401838,
      0.17014618217945,
      0.60992908477783,
      0.00051474111387506,
      0.71759527921677,
      0.9897752404213,
      0.36436921358109,
      0.00016268820036203,
      0.13349875807762,
      0.019300512969494,
      1.0,
      0.69279074668884,
      0.0019542276859283,
      0.011974662542343
    ],
    "8": [
      0.86524820327759,
      0.68794322013855,
      0.013711035251617,
      0.29135119915009,
      0.45998069643974,
      0.015062808990479,
      0.95837211608887,
      0.99304533004761,
      0.22268190979958,
      0.70432841777802,
      0.37029331922531,
      0.11863389611244,
      0.74434560537338,
      0.45392188429832,
      0.0020193755626678,
      0.018185704946518
    ]
  }
}
